Daerah,Nama Kuliner,"Bahan Utama (mis: beras,labu)",Bahan pengganti (mis: sagu),"Bahan pelengkap (mis: sayur kangkung, daun singkong)","Bentuk dan tekstur (mis: kuah kental, lembek)",Cara penyajian khusus (mis: dengan daun pisang),Deskripsikan Aroma lebih detail,Deskripsikan Rasa lebih detail,Apa rasa dominan kuliner tersebut ? [Nasi jajan],Level Pedas kuliner lokal di bawah ini [Nasi jajan],Level Gurih kuliner lokal di bawah ini [Nasi jajan],Level Manis kuliner lokal di bawah ini [Nasi jajan],Level Asin kuliner lokal di bawah ini [Nasi jajan],Level Asam kuliner lokal di bawah ini [Nasi jajan],Bagaimana aroma kuliner tersebut? [Nasi jajan],Nutrisi dari makanan [Nasi jajan],Tekstur makanan (mudah dikunyah/ tingkat kelembutan makanan) [Nasi jajan],Penggunaan bahan alami [Nasi jajan],Kesegaran makanan [Nasi jajan],Kebersihan makanan [Nasi jajan],Status halal makanan [Nasi jajan]
Pamekasan,Nasi Jajan,beras dan dendeng sapi,-,"telur rebus,daging sapi, serundeng",daging kriuk,menggunakan daun pisang,aroma bumbu yg khas,rasa gurih,Asin dengan dominan bumbu rempah tertentu,2,3,2,3,1,Agak berbau khas tertentu,3,3,3,3,4,Halal
,,daging sapi,-,"serundeng, telur, irisan kentang",kuah santan yg kental,di bungkus daun pisang,aroma kuah yang khas,rasa gurih dan asin,Gurih dengan dominan bumbuu rempah tertentu,2,4,2,3,1,Aroma rempah yang kuat,3,3,4,4,4,Halal
,,"Daging sapi, beras",-,"irisan kentang goreng, potongan daging sapi dan telur rebus",teksturnya dendeng sapi yang kriuk dan kuah yg kental,penyajian menggunakan daun pisang,aroma bumbu yang sangat khas ,rasanya gurih asin dan sedikit manis,Gurih dengan dominan bumbuu rempah tertentu,2,3,2,2,1,Agak berbau khas tertentu,5,3,5,5,5,Halal
,,daging sapi,-,"telur, daging sapi dan serundeng",kuah yang kental dan daging yg kriuk,di bungkus daun pisang,aroma bumbu yang khas,rasanya gurih,Gurih dengan dominan bumbuu rempah tertentu,3,5,3,3,0,Agak berbau khas tertentu,4,5,5,5,5,Halal
,,nasi punel dan aneka lauk,-,"dendeng krispi,telur,kentang goreng iris",daging sapi yg krispi ,menggunakan daun pisang sebagai bungkusan,aroma kuah yg gurih,gurih dengan aroma rempah tertentu,Gurih dengan dominan bumbuu rempah tertentu,4,5,4,4,2,Aroma rempah yang kuat,4,4,5,5,5,Halal
Ambon,Nasi kelapa,"beras, kelapa",tidak ada,"ikan saus, ikan asin, serundeng, cabai prekedel",nasi pulen,dibungkus daun pisang,"aroma santan, serundeng","asam, asin",Pedas dengan dominan bumbu rempah tertentu,4,2,3,1,1,Aroma rempah yang sedang,2,2,1,4,5,Halal
,Ikan bakar,ikan kembung kawalinya,ikan tongkol,lemon cina,garam,tidak ada,,,Pedas dengan rasa cabai kuat,5,3,4,2,2,Aroma rempah yang sedang,2,2,1,5,5,Halal
,Sambal colo-colo,lemon cina,tidak ada,"daun kemang, bawang merah, cabai rawit, tomat",irisan bahan lengkap,tidak ada,aroma segar asam,asam pedas,Pedas dengan rasa cabai kuat,5,2,3,3,4,Agak berbau khas tertentu,2,2,1,5,5,Halal
,Nasi kelapa,"beras, kelapa",tidak ada,"ikan saus, ikan asin, serundeng, cabai prekedel",nasi pulen,dibungkus daun pisang,"aroma santan, serundeng","asam, asin",Gurih dengan dominan bumbuu rempah tertentu,1,2,2,1,0,Agak berbau khas tertentu,2,1,5,3,1,Tidak tahu
,Ikan bakar,ikan kembung kawalinya,ikan tongkol,lemon cina,garam,tidak ada,aroma ikan segar,gurih,Gurih penyedap,0,2,1,0,0,Agak berbau khas tertentu,3,2,5,3,1,Tidak tahu
,Sambal colo-colo,,tidak ada,"daun kemang, bawang merah, cabai rawit, tomat",irisan bahan lengkap,tidak ada,aroma segar asam,asam pedas,Pedas dengan dominan bumbu rempah tertentu,3,2,1,1,1,Agak berbau khas tertentu,1,2,5,3,2,Tidak tahu
,Nasi kelapa,"beras, kelapa",tidak ada,"ikan saus, ikan asin, serundeng, cabai prekedel",nasi pulen,dibungkus daun pisang,"aroma santan, serundeng","asam, asin",Pedas dengan dominan bumbu rempah tertentu,1,3,1,0,0,Aroma rempah yang sedang,2,3,2,2,3,Halal
,Ikan bakar,ikan kembung kawalinya,ikan tongkol,lemon cina,garam,tidak ada,aroma ikan segar,gurih,Pedas dengan dominan bumbu rempah tertentu,2,3,2,1,2,Aroma rempah yang sedang,3,3,2,4,3,Ragu-ragu
,Sambal colo-colo,lemon cina,tidak ada,"daun kemang, bawang merah, cabai rawit, tomat",irisan bahan lengkap,tidak ada,aroma segar asam,asam pedas,Asin dengan dominan bumbu rempah tertentu,3,3,2,1,2,Aroma rempah yang kuat,2,3,2,3,3,Halal
,Nasi kelapa,"beras, kelapa",tidak ada,"ikan saus, ikan asin, serundeng, cabai prekedel",nasi pulen,dibungkus daun pisang,"aroma santan, serundeng","asam, asin",Pedas dengan dominan bumbu rempah tertentu,1,1,1,1,1,Aroma rempah yang sedang,1,1,2,1,1,Halal
,Ikan bakar,ikan kembung kawalinya,ikan tongkol,lemon cina,garam,tidak ada,aroma ikan segar,gurih,Pedas dengan dominan bumbu rempah tertentu,1,1,1,1,1,Aroma rempah yang sedang,1,1,2,1,1,Halal
,Sambal colo-colo,lemon cina,tidak ada,"daun kemang, bawang merah, cabai rawit, tomat",irisan bahan lengkap,tidak ada,aroma segar asam,asam pedas,Pedas dengan dominan bumbu rempah tertentu,1,1,1,1,1,Aroma rempah yang sedang,1,1,2,1,1,Halal
,Nasi kelapa,"beras, kelapa",tidak ada,"ikan saus, ikan asin, serundeng, cabai prekedel",nasi pulen,dibungkus daun pisang,"aroma santan, serundeng","asam, asin",Pedas dengan dominan bumbu rempah tertentu,3,2,1,2,2,Agak berbau khas tertentu,3,3,5,4,4,Halal
,Ikan bakar,ikan kembung kawalinya,ikan tongkol,lemon cina,garam,tidak ada,aroma ikan segar,gurih,Gurih dengan dominan bumbuu rempah tertentu,2,4,2,2,2,Agak berbau khas tertentu,5,4,5,4,4,Halal
,Sambal colo-colo,lemon cina,tidak ada,"daun kemang, bawang merah, cabai rawit, tomat",irisan bahan lengkap,tidak ada,aroma segar asam,asam pedas,Asin dengan rasa garam yang kuat,4,2,1,3,3,Agak berbau khas tertentu,2,5,5,4,4,Halal
Makassar,Coto Makassar,Daging sapi,Tidak ada,"Daun bawang, bawang goreng",Kuah yang kental dan daging sapi lembut yang dipotong kecil,Menggunakan mangkuk yang kecil,Aroma rempah dari kuah coto yang khas,Kuah coto kental dan gurih dan daging sapi yang lembut dan disajikan bersama ketupat,Gurih dengan dominan bumbuu rempah tertentu,1,5,3,3,0,Aroma rempah yang kuat,3,5,5,5,5,Halal
,,Daging  sapai,Tidak ada,Daun bawang dan bawang goreng,"Bentuk daging dipotong kotak, teksturnya kenyal",Menggunakan mangkuk,Aroma khas rempah,"Gurih, manis, asam",Gurih dengan dominan bumbuu rempah tertentu,1,4,2,2,2,Aroma rempah yang kuat,4,3,5,5,4,Halal
,,Daging ,Tidak ada,"Daun sop, daun bawang, dan bawang goreng","Daging dipotong kecil seperti dadu, tekstur dagingnya lembut",Menggunakan mangkuk,Aroma kuah coto yang khas dengan berbagai rempah pilihan,Rasa kuah coto yang gurih dan khas,Gurih dengan dominan bumbuu rempah tertentu,4,5,3,4,5,Aroma rempah yang kuat,3,4,4,4,4,Halal
,,Daging ,Tidak ada,"Daun bawang, bawang goreng",daging dipotong kecil dengan tekstur yang lembut,Menggunakan mangkuk,Aroma kuah coto yang khas,Rasa kuah coto yang gurih,Pedas dengan dominan bumbu rempah tertentu,2,3,2,2,2,Aroma rempah yang kuat,3,3,4,4,3,Halal
,,Daging  sapai,Tidak ada,Daun bawang dan bawang goreng,"Bentuk daging dipotong kotak, teksturnya kenyal",Menggunakan mangkuk,Aroma khas rempah,"Gurih, manis, asam",Pedas dengan dominan bumbu rempah tertentu,5,4,3,2,2,Aroma rempah yang kuat,5,4,4,4,4,Halal
Solo,Timlo Solo,daging ayam ,-,"sosis,telur,bawang goreng,sambal,jeruk nipis","kuah bening,sosis dipotong kecil.telur coklat dipotong",dengan mangkuk dan piring..antara nasi dan timlo bisa dipisah ,aroma rempah khas timlo,gurih asin,Asin dengan dominan bumbu rempah tertentu,1,3,1,2,1,Aroma rempah yang kuat,3,3,3,3,3,Tidak tahu
,,daging ayam,,"sosis timlo, telur coklat, bawang goreng, sambal kecap, jeruk nipis","kuah bening kaldu ayam, daging ayam sosis telur dipotong kecil (one bite size)",disajikan dengan mangkuk. kemudian nasi disajikan secara terpisah di piring,"aroma rempah, seperti pala lada jinten",asin gurih kaldu daging ayam,Asin dengan rasa garam yang kuat,1,4,1,3,1,Agak berbau khas tertentu,2,3,4,5,4,Halal
,,daging ayam ,-,"sosis,telur,bawang goreng,sambal,jeruk nipis","kuah bening,sosis dipotong kecil.telur",dengan mangkuk dan piring. antara nasi dan timlo bisa dipisah ,aroma rempah khas timlo,gurih asin,Asin dengan dominan bumbu rempah tertentu,0,3,0,4,2,Aroma rempah yang sedang,3,2,2,4,4,Halal
,,daging ayam,,"sosis timlo, telur coklat, bawang goreng, sambal kecap, jeruk nipis","kuah bening kaldu ayam, potongan daging ayam sosis telur",dengan mangkuk. nasi disajikan secara terpisah di piring,aroma rempah,asin gurih kaldu ayam,Asin dengan dominan bumbu rempah tertentu,3,4,3,4,1,Agak berbau khas tertentu,3,3,4,4,3,Halal
,,daging ayam,,"sosis timlo, telur coklat, bawang goreng, sambal kecap, jeruk nipis","kuah bening kaldu ayam, potongan daging ayam sosis telur",dengan mangkuk. Nasi disajikan secara terpisah di piring,aroma rempah timlo,gurih kaldu ayam,Gurih dengan dominan bumbuu rempah tertentu,2,4,1,3,1,Aroma rempah yang sedang,3,3,4,4,3,Halal
Purwokerto,Mendoan,kedelai,tidak ada,sambal,lembut bisa juga garing,daun pisang/kertas minyak,harum dengan aroma tepung,gurih dan pedas jika dengan sambal,Gurih dengan dominan bumbuu rempah tertentu,3,3,2,3,0,Aroma rempah yang sedang,3,3,3,4,4,Halal
,Getuk goreng,singkong,tidak ada,minuman,lembut dengan serat,besek,harum dengan aroma khas singkong dan gula merah,manis,Manis dengan rasa gula yang kuat,0,2,3,0,0,Aroma rempah yang sedang,3,3,3,4,4,Halal
,Mendoan,kedelai,tidak ada,sambal,berbentuk kotak tipis dengan tekstur lembut lembek atau garing kriuk,daun pisang atau kertas minyak,harum aroma adonan tepung ,gurih asin,Asin dengan rasa garam yang kuat,1,4,1,4,1,Aroma rempah yang sedang,3,4,4,3,3,Halal
,Getuk goreng,singkong,tidak ada,minuman,berbentuk bulat dengan tekstur berserat,besek,harum aroma khas manis,manis,"Manis dengan dominan rasa tertentu (coklat, vanila, srikaya, aren)",1,2,4,1,1,Aroma rempah yang sedang,3,4,3,3,3,Halal
,Mendoan,kedelai,tidak ada,sambal atau cabai rawit hijau,kota pipih lembut lembek,daun pisang atau kertas minnyak,harum adonan tepung,gurih asin,Asin dengan rasa garam yang kuat,3,5,1,5,1,Agak berbau khas tertentu,3,3,4,3,3,Halal
,Getuk goreng,singkong,tidak ada,minuman,bulat lembut berserat,besek,harum khas gula jawa dengan singkong,manis,"Manis dengan dominan rasa tertentu (coklat, vanila, srikaya, aren)",1,3,5,1,1,Agak berbau khas tertentu,3,3,3,3,3,Halal
,Mendoan,kedelai,tidak ada,sambal kecap,lebar dan tipis,daun pisang,harum rempah,gurih dan asin,Gurih dengan dominan bumbuu rempah tertentu,2,4,1,3,1,Aroma rempah yang sedang,3,3,4,3,3,Halal
,Getuk goreng,singkong,tidak ada,minuman,bulat dan crispy di luar,dengan besek,aroma gula merah,manis,"Manis dengan dominan rasa tertentu (coklat, vanila, srikaya, aren)",1,1,4,1,1,Agak berbau khas tertentu,3,3,3,2,3,Halal
,Mendoan,kedelai yang di fermentasi menjadi tempe,tidak ada,sambal kecap,lebar dan tipis,daun pisang,wangi rempah,asin dan gurih serta pedas jika menggunakan sambal,Gurih dengan dominan bumbuu rempah tertentu,3,4,2,4,2,Agak berbau khas tertentu,2,3,4,4,3,Halal
,Getuk goreng,singkong,tidak ada,minuman,bentuk bulat,besek,aroma gula merah,rasanya manis,Manis dengan rasa gula yang kuat,3,3,3,2,2,Agak berbau khas tertentu,3,3,4,3,3,Halal
Samarinda,Nasi kuning,"beras, kunyit, santan",pewarna makanan,"daging, telur, ayam, bumbu merah",nasi empuk berwarna kuning,dibungkus daun pisang atau bungkus nasi biasa,aroma bumbu rempah yang kuat,rasa bumbu khas rempah yang kuat,Asin dengan dominan bumbu rempah tertentu,2,4,3,3,1,Aroma rempah yang kuat,3,3,3,3,4,Halal
,Lontong sayur,"sayur santan kacang panjang, kuah santan dan lontong","sayur nangka, sayur lodeh","bumbu merah, daging, ayam, telur","berkuah, ada sayur santannya, dilengkapi dengan daging/ayam/telur bumbu merah","dibungkus dengan plastik, lontong dibungkus dengan daun",aroma santan dan rempah yang kuat,"rasa khas santan, agak pedas, dan agak manis dari bumbu merahnya",Asin dengan dominan bumbu rempah tertentu,3,4,2,3,1,Agak berbau khas tertentu,3,3,3,3,4,Halal
,Nasi kuning,"nasi, santan, rempah",tidak ada,"telur, ikan haruan, ayam, serundeng kelapa, bumbu merah, mie (jika ada), orek tempe (jika ada), bawang merah goreng, dan sambal",tekstur nasi yang sedang (tidak keras/tidak lembek),dikertas nasi (kadang beralaskan daun pisang),aroma daun pandan dan rempah dr nasi kuning,"rasanya gurih, rempah tidak begitu kuat, rasanya ringan",Gurih dengan dominan bumbuu rempah tertentu,3,3,4,3,2,Aroma rempah yang sedang,2,3,3,3,3,Halal
,Lontong sayur,lontong,ketupat,"serundeng kelapa, bawang merah goreng, bumbu merah, telur, ikan haruan, ayam, sayur kacang panjang, labu siam, santan, sambal",lembut,di piring biasa,aroma santan dan rempah ynag ringan,"rasa santan yang gurih, bumbu merah yang sedikit manis",Gurih dengan dominan bumbuu rempah tertentu,3,3,4,3,2,Aroma rempah yang sedang,2,3,3,3,3,Halal
,Nasi kuning,nasi,tidak ada,"bihun, ayam, ikan haruan, telur, bawang goreng","nasi butiran kecil, pulen, lembut, lauk potongan besar dan tekstur yang empuk","dibungkus dengan daun pisang dan kertas nasi biasa, dapat juga disajikan dengan piring biasa",aroma khas santan dan rempah yg sedang,rasa nasi yg asin dan gurih dan bumbu merah yg cenderung manis,Pedas dengan dominan bumbu rempah tertentu,3,3,2,2,1,Aroma rempah yang kuat,3,3,4,4,3,Halal
,Lontong sayur,,,,,,,,Pedas dengan dominan bumbu rempah tertentu,3,3,2,2,1,Aroma rempah yang kuat,3,3,4,4,3,Halal
,Nasi kuning,nasi dan bumbu habang,tidak ada,"mihun, ayam, ikan, telur dan bawang goreng","butiran-butiran kecil, nasi pulen dan agak lembek",dibungkus dengan daun pisang dan kertas nasi,aroma dr bumbu habang yg kuat,rasa rempah dr bumbu habang dan paduan bawang goreng yg pas,Gurih dengan dominan bumbuu rempah tertentu,3,3,3,1,0,Aroma rempah yang sedang,2,4,4,5,5,Halal
,Lontong sayur,,,,,,,,Tidak pernah coba,0,0,0,0,0,0,0,0,0,0,0,Tidak tahu
,Nasi kuning,"beras, kunyit, santan",tidak ada,"daging, ikan, telur, ayam, bumbu merah, bawang goreng dan bihun",nasi pulen berwarna kuning serta lauknya yang teksturnya empuk dengan potongan besar,dibungkus dengan kertas nasi yang dilapisi daun pisang,aroma bumbu rempah yang kuat,manis dan gurih pada rasa bumbu khas rempahnya,Gurih dengan dominan bumbuu rempah tertentu,3,4,3,3,1,Agak berbau khas tertentu,3,4,4,4,5,Halal
,Lontong sayur,,,,,,,,Tidak pernah coba,0,0,0,0,0,0,0,0,0,0,0,Tidak tahu
Pekanbaru,Gulai Asam Pedas Patin,asam dan ikan patin,ikan duri,asam dan santan kelapa,kuah dan tekstur ikan biasa lembut.,menggunakan mangkuk,berbau asam dan berbau ikan patin,"rasa nya lembut , gurih dan mudah untuk d kunyah ",Gurih dengan dominan bumbuu rempah tertentu,3,5,3,3,0,Aroma rempah yang kuat,5,5,4,4,5,Halal
,Ikan Salai,ikan duri atau ikan patin ,ikan duri atau ikan patin . hisa juga ikan lainnya,menggunkan daun singkong dan santan kelapa,berkuah  ikan agak gurih,menggunkan mangkuk maupun piring,berbau asap salai dan beraroma santan,gurih . empuk dan sangat enak,Asin dengan rasa garam yang kuat,3,4,3,4,0,Agak berbau khas tertentu,3,3,5,4,4,Halal
,Gulai Asam Pedas Baung,asam dan ikan baung,ikan sejenis baung,asam ,berkuah dan tektur jga lembut,menggunakan mangkuk maupun piring,berbau asam dan tajam aroma baung,rasanya lembut dan lezat,Gurih dengan dominan bumbuu rempah tertentu,3,5,3,3,5,Aroma rempah yang kuat,5,5,4,4,4,Halal
,Gulai Asam Pedas Patin,"Ikan patin,asam, cabe merah, bamer, baput, lengkuas",Ikan baung,"Bamer baput lengkuas, pare, cabe","Kuah merah kekuningan, ikan empuk, dengan rasa yang segar",Menggunakan mangkuk ataupun piring,Berbau asam dan aroma rempah ,"Rasa ikan lembut, pedas tapi tidak terlalu pedas",Pedas dengan dominan bumbu rempah tertentu,3,3,1,4,4,Agak berbau khas tertentu,4,4,4,5,5,Halal
,Ikan Salai,Ikan salais asli riau,"Ikan baung, ikan patin","Kalau digoreng menggunakan cabe, kalau digulai menggunakan bumbu gulai (cabe,bamer,baput dll",Keras kalau udah digoreng bertekstur renyah,Menggunakan piring bisa dimasak gulai kuah bisa digoreng dengan cabe,Wangi asap,Gurih kriuk,Pedas dengan rasa cabai kuat,4,3,1,4,1,Aroma rempah yang kuat,3,3,4,5,5,Halal
,Gulai Asam Pedas Baung,"Ikan baung al, asam","Ikan patin, ikan sungai lainnya",Pare cabe baner baput,Empuk lembut ,Menggunakan mangkuk atau piring,Wangi berbau asam dan rempah,Rasa ikan lembut gurih pedas dan nikmat,Pedas dengan dominan bumbu rempah tertentu,3,3,1,4,4,Agak berbau khas tertentu,4,4,4,5,5,Halal
,Gulai Asam Pedas Patin,"Cabe merah, ikan patin, lengkuas, baput dan bamer",Ikan baung atau kopiek,"Pare, cabe, lengkuas dan bamer","Kuah merah kekuningan, ikan yg empuk dan rasa yg segar",Menggunakan mangkuk dan piring,Berbau asam dan rempah yg khas,Pedas dan sedikit agak masam dan daging ikan yg lembut,Pedas dengan dominan bumbu rempah tertentu,3,3,2,3,3,Aroma rempah yang kuat,3,3,4,3,3,Tidak tahu
,Ikan Salai,Ikan salai dan santan,Ikan salai baung,"Cabe, asam, dan bamer",Lembut jika sudah masak,Menggunakan mangkuk,Agak sedikit asam dan berbau wangi asap ,Gurih dan manis,Pedas dengan dominan bumbu rempah tertentu,3,3,2,3,2,Aroma rempah yang kuat,3,3,4,3,3,Tidak tahu
,Gulai Asam Pedas Baung,"Ikan baung, asam",Ikan baung dan ikan sungai lainnya,"Cabe, pare, baput dan bamer",Lembut dan gurih,Piring dan mangkuk,Berbau asam dan wangi,"Gurih, asam dan pedas yg pas",Pedas dengan dominan bumbu rempah tertentu,3,3,2,3,4,Aroma rempah yang kuat,3,3,4,3,3,Tidak tahu
,Gulai Asam Pedas Patin,Ikan Patin,Tidak ada,"Kecombrang, santan, kunyit, kemiri, cabe rawit, lengkuas, asam kandis, daun salam, daun jeruk, daun kunyit",Potongan besarm kuah kuning pekat,disajikan dengan nasi hangat,berbau rempah khas melayu,"gurih, pedas, asam",Pedas dengan dominan bumbu rempah tertentu,3,3,3,3,3,Aroma rempah yang sedang,3,3,3,3,3,Halal
,Ikan Salai,Ikan Salai,patin dan ikan gabus,"Bawang merah, bawang putih, cabe merah, jeruk nipis","kriyuk, renyah","Di gulai, di goreng, di pindang",aroma asam dan bumbu gulai khas melayu,"gurih, pedas",Pedas dengan dominan bumbu rempah tertentu,3,3,3,3,3,Aroma rempah yang sedang,3,3,3,3,3,Halal
,Gulai Asam Pedas Baung,Ikan Baung,Tidak ada,"Bawang merah, bawang putih, jahe, kunyit, lengkuas, serai, asam kandis atau asam jawa, belimbing wuluh",Empuk,Tidak ada,"Aroma bumbu khas melayu, jahe, kunyit, serai","Asam, Pedas, Gurih",Pedas dengan dominan bumbu rempah tertentu,3,3,3,3,3,Aroma rempah yang sedang,3,3,3,3,3,Halal
,Gulai Asam Pedas Patin,Ikan Patin,Tidak ada,"daun singkong, kunyit, jahe, seari",,disajikan dengan pucuk ubi rebus,"jahe, kunyit, serai","gurih, pedas",Pedas dengan rasa cabai kuat,3,4,3,3,2,Aroma rempah yang kuat,4,3,3,4,5,Halal
,Ikan Salai,Ikan Salai,"Ikan baung, ikan lele","Bawang merah, bawang putih, cabe merah, jeruk nipis","pipih, renyah ","bisa di goreng dan di sambel, bida digulai",aroma asap dan aroma ikan ,"gurih, pedas",Asin dengan dominan bumbu rempah tertentu,3,4,4,2,3,Agak berbau khas tertentu,3,3,3,3,5,Halal
,Gulai Asam Pedas Baung,Ikan Baung,Tidak ada,"putih, jahe, kunyit, lengkuas, serai, asam kandis atau asam jawa, belimbing wuluh","lembut, padat, halus tanpa duri, warna putih terang",Tidak ada,aroma bumbu khas melayu,"Asam, Pedas, Gurih",Pedas dengan dominan bumbu rempah tertentu,3,4,3,3,2,Aroma rempah yang kuat,4,3,3,4,5,Halal
Banjarbaru,Nasi Sop Banjar,Ayam,Daging Sapi,"Daun bawang, Jeruk nipis",Kuah bening,dengan piring,Bau kaldu ayam,Gurih dengan rempah yang sedang,Gurih dengan dominan bumbuu rempah tertentu,3,3,3,3,0,Aroma rempah yang kuat,3,4,5,5,5,Halal
,Soto Banjar,Ayam,Daging Sapi,"Daun bawang, Jeruk nipis",Kuah bening,dengan piring,Bau kaldu ayam,Gurih dengan rempah yang sedang,Gurih dengan dominan bumbuu rempah tertentu,3,3,3,3,0,Aroma rempah yang kuat,3,4,5,5,5,Halal
,Sate Ayam Banjar,Daging Ayam,Daging Sapi,"Daun bawang, Jeruk nipis",Potongan Daging,dengan piring,Bau saus kacang,Manis dari saus kacang dan asin dari daging ayam,Gurih dengan dominan bumbuu rempah tertentu,3,3,3,3,0,Aroma rempah yang kuat,3,4,5,5,5,Halal
,Nasi Sop Banjar,Daging Ayam,Daging sapi dan daging kambing,"Daun bawang, seledri dan bawang goreng",Kuah bening sedikit pekat dan tekstur empuk ,disajikan dengan piring,Aroma rempah dan kaldu ayam,Rasa gurih dan sedikit asin,Gurih dengan dominan bumbuu rempah tertentu,1,4,5,2,1,Aroma rempah yang kuat,4,5,5,5,5,Halal
,Soto Banjar,Daging Ayam,Daging sapi dan daging kambing,"Daun bawang, seledri dan bawang goreng",Kuah kuning pekat dan tekstur empuk ,disajikan dengan piring,Aroma rempah dan kaldu ayam,Rasa gurih dan sedikit asin,Gurih dengan dominan bumbuu rempah tertentu,1,4,5,2,1,Aroma rempah yang kuat,4,5,5,5,5,Halal
,Sate Ayam Banjar,Daging Ayam,Daging sapi dan daging kambing,"Daun bawang, seledri dan bawang goreng",Kuah kacang dengan tingkat kekentalan yang sedang dan tekstur ayam empuk,disajikan dengan piring,Aroma bumbu kacang,Rasa gurih dan sedikit asin kombinasi pedas,Tidak pernah coba,0,0,0,0,0,0,0,0,0,0,0,Halal
,Nasi Sop Banjar,Daging Ayam,Daging sapi dan daging kambing,"Daun bawang, daun seledri, bawang goreng dan jeruk nipis",Kuah bening pekat dan tekstur empuk,piring,Aroma kaldu ayam,Gurih dengan rasa rempah,Asin dengan dominan bumbu rempah tertentu,2,3,1,2,1,Aroma rempah yang kuat,3,4,3,3,3,Halal
,Soto Banjar,Daging Ayam,Daging sapi dan daging kambing,"Daun bawang, daun seledri, bawang goreng dan jeruk nipis",Kuah bening pekat dan tekstur empuk,piring,Aroma kaldu ayam,Gurih dengan rasa rempah,Asin dengan dominan bumbu rempah tertentu,1,3,1,2,1,Aroma rempah yang kuat,3,4,3,3,3,Halal
,Sate Ayam Banjar,-,-,-,-,-,-,-,Asin dengan dominan bumbu rempah tertentu,2,1,1,2,1,Aroma rempah yang kuat,2,4,3,3,3,Halal
,Nasi Sop Banjar,Daging Ayam,Daging Sapi atau Daging Kambing,"Daun Bawang,Bawang Goreng, Seledri dan Jeruk Nipis",Kuah Pekat Dengan Aroma Rempah yang Khas,Piring,Aroma kaldu ayam,Gurih dengan rasa rempah,Gurih dengan dominan bumbuu rempah tertentu,0,4,3,3,0,Aroma rempah yang sedang,3,3,4,5,5,Tidak tahu
,Soto Banjar,Daging Ayam,Daging Sapi atau Daging Kambing,"Daun Bawang,Bawang Goreng, Seledri dan Jeruk Nipis",Kuah Pekat Dengan Aroma Rempah yang Khas,Piring,Aroma kaldu ayam,Gurih dengan rasa rempah,Gurih dengan dominan bumbuu rempah tertentu,0,4,2,3,0,Aroma rempah yang sedang,3,3,4,5,5,Tidak tahu
,Sate Ayam Banjar,Daging Ayam,Daging Sapi atau Daging Kambing,Bawang Goreng,Empuk,Piring,Aroma Smoky,Manis dan Gurih,Asin dengan rasa garam yang kuat,0,4,2,4,0,Aroma rempah yang sedang,3,3,4,4,5,Tidak tahu
,Nasi Sop Banjar,Daging Ayam,Daging Sapi atau Daging Kambing,"Daun Bawang,Bawang Goreng, Seledri dan Jeruk Nipis",Kuah bening pekat dan Aroma Rempah yang Khas,Piring,Aroma kaldu ayam,Gurih dengan rasa rempah,Gurih dengan dominan bumbuu rempah tertentu,4,4,3,3,2,Aroma rempah yang kuat,3,4,4,4,4,Halal
,Soto Banjar,Daging Ayam,Daging Sapi atau Daging Kambing,"Daun Bawang, Seledri dan Jeruk Nipis",Kuah bening pekat dan Aroma Rempah yang Khas,Piring,Aroma kaldu ayam,Gurih dengan rasa rempah,Gurih dengan dominan bumbuu rempah tertentu,4,4,3,3,2,Aroma rempah yang kuat,3,4,4,4,4,Halal
,Sate Ayam Banjar,Daging Ayam,Daging Sapi atau Daging Kambing,Bawang Goreng,Empuk,Piring,Aroma bumbu kacang,Manis dan Gurih,Manis dengan rasa gula yang kuat,4,2,4,3,2,Aroma rempah yang sedang,3,3,4,4,4,Halal
Payakumbuh,Pongek cubadak,cubadak/nangka,-,-,empuk,tidak ada,aroma santan dan bumbu rempah,seperti gulai kalio dengan rasa yg lebih tajam,Pedas dengan dominan bumbu rempah tertentu,0,0,1,0,1,Aroma rempah yang sedang,2,3,5,4,3,Halal
,Telur dadar,telur ayam,telur bebek,-,empuk dan renyah,tidak ada,aroma gurih,gurih,Gurih dengan dominan bumbuu rempah tertentu,1,2,1,1,1,Aroma rempah yang sedang,4,3,5,4,4,Halal
,Dendeng,daging sapi,daging kerbau,-,empuk dan renyah,tidak ada,aroma gurih dan rempah,rasa daging yg tidak amis,Pedas dengan rasa cabai kuat,2,2,1,1,1,Aroma rempah yang sedang,4,3,5,4,3,Halal
,Ayam pop,ayam,-,-,empuk,tidak ada,aroma rempah,seperti ayam pop biasanya,Gurih dengan dominan bumbuu rempah tertentu,2,2,1,1,1,Aroma rempah yang sedang,4,3,5,4,3,Halal
,Palai bada,ikan bada,-,kelapa parut,empuk,dibungkus dalam daun pisang,aroma rempah dan cabe,ikan dengan rempah kuat,Pedas dengan rasa cabai kuat,2,2,1,1,1,Aroma rempah yang sedang,4,3,5,4,3,Halal
,Ayam bumbu,ayam,-,kelapa sangrai,empuk,tidak ada,aroma gurih,rasa ayam goreng berbumbu kelapa,Gurih dengan dominan bumbuu rempah tertentu,1,2,1,1,1,Aroma rempah yang sedang,4,3,5,4,3,Halal
,Sambal lado jariang,jengkol,-,-,empuk,tidak ada,aroma cabe atau terasi,pedas,Pedas dengan dominan bumbu rempah tertentu,3,2,1,1,1,Aroma rempah yang sedang,3,3,5,4,3,Halal
,Dadar barendo,telur ayam,telur bebek,-,empuk dan renyah,tidak ada,aroma gurih,gurih,Pedas dengan dominan bumbu rempah tertentu,1,2,1,1,1,Aroma rempah yang sedang,4,3,5,4,3,Halal
,Pongek cubadak,nagka/cubadak,ikan,-,lunak,tidak ada,aroma rempah yg kuat,rasa gulai yg lebih kental,Pedas dengan rasa cabai kuat,3,3,1,1,1,Aroma rempah yang sedang,3,3,4,3,3,Halal
,Telur dadar,telur,-,"bawang,cabe",empuk,"tidak ada, kadang disajikan dgn selada",aroma telur biasa,rasa dadar lebih gurih,Gurih dengan dominan bumbuu rempah tertentu,2,3,1,1,1,Aroma rempah yang sedang,4,3,4,3,3,Halal
,Dendeng,daging sapi,daging kerbau,-,gepeng ada yg renyah dan empuk,tidak ada,aroma daging,rasa bumbu menyatu,Gurih dengan dominan bumbuu rempah tertentu,2,3,1,1,1,Aroma rempah yang sedang,4,3,4,3,3,Halal
,Ayam pop,ayam,-,kuah gulai pop,empuk,,aroma wangi rempah,gurih,Gurih dengan dominan bumbuu rempah tertentu,2,3,1,1,1,Aroma rempah yang sedang,4,3,4,3,3,Halal
,Palai bada,ikan bada,-,kelapa parut,lunak dan mudah dimakan,dibungkus dlm daun pisang yg dibakar,wangi rempah,pedas bercampur rempah,Tidak pernah coba,0,3,1,1,1,Aroma rempah yang sedang,4,3,4,3,3,Halal
,Ayam bumbu,ayam,-,bumbu kelapa yg di sangrai,empuk,tidak ada,aroma bumbu gurih,rasa ayam dan bumbu gurih,Gurih dengan dominan bumbuu rempah tertentu,2,3,1,1,1,Aroma rempah yang sedang,4,3,4,3,3,Halal
,Sambal lado jariang,jengkol/jariang,petai,cabe,jengkol bulat dengan cabe,tidak ada,aroma pedas cabe,rasa pedas cabe,Gurih dengan dominan bumbuu rempah tertentu,3,3,1,1,1,Aroma rempah yang sedang,3,3,4,3,3,Halal
,Dadar barendo,telur,-,"daun bawang, cabe",empuk,tidak ada,aroma gurih,gurih telur dadar yang pas,Gurih dengan dominan bumbuu rempah tertentu,2,3,1,1,1,Aroma rempah yang sedang,4,3,4,3,3,Halal
,Pongek cubadak,nagka/cempedak,-,-,lunak,tidak ada,aroma rempah yg kuat,nangka dgn perpaduan rempah,Pedas dengan dominan bumbu rempah tertentu,4,3,1,1,1,Aroma rempah yang kuat,3,3,4,3,3,Halal
,Telur dadar,telur,-,-,"lunak, crispy",tidak ada,aroma bumbu dadar,rasa gurih,Gurih dengan dominan bumbuu rempah tertentu,2,3,1,1,1,Aroma rempah yang sedang,3,3,4,3,3,Halal
,Dendeng,daging,daun singkong,-,empuk,tidak ada,aroma daging,daging dan campuran rempah,Gurih dengan dominan bumbuu rempah tertentu,4,3,1,1,1,Aroma rempah yang sedang,3,3,4,3,3,Halal
,Ayam pop,ayam,-,gulai pop,lunak,tidak ada,aroma rempah dan bumbu,gurih kaldu pop,Gurih dengan dominan bumbuu rempah tertentu,3,3,1,1,1,Aroma rempah yang kuat,3,3,4,3,3,Halal
,Palai bada,bada,ikan kecil-kecil,kelapa parut,bentuk dicetak dari daun pisang,dibungkus dlm daun pisang yg dibakar,aroma rempah,bada dengan perpaduan rempah yg dicampur kelapa parut,Gurih dengan dominan bumbuu rempah tertentu,4,3,1,1,1,Aroma rempah yang kuat,3,3,4,3,3,Halal
,Ayam bumbu,ayam,-,kelapa goreng,renyah,tidak ada,aroma kelapa parut yg digoreng bersama ayam,rasa gurih dengan kelapa,Gurih dengan dominan bumbuu rempah tertentu,3,3,1,1,1,Aroma rempah yang sedang,3,3,4,3,3,Halal
,Sambal lado jariang,jengkol,petai,-,jenkol bulat,tidak ada,aroma cabe sambalado yg khas,pedas,Pedas dengan rasa cabai kuat,4,3,1,1,1,Aroma rempah yang sedang,3,3,4,3,3,Halal
,Dadar barendo,telur,-,"daun bawang, cabe",renyah dan empuk,tidak ada,aroma bumbu,gurih,Gurih dengan dominan bumbuu rempah tertentu,2,3,1,1,1,Aroma rempah yang sedang,3,3,4,3,3,Halal
,Pongek cubadak,cubadak,-,-,lunak dan empuk,tidak ada,aroma rempah yg kuat,rasa khas pongek yang sedikit pedas dan terasa bumbunya,Pedas dengan rasa cabai kuat,3,5,1,2,1,Aroma rempah yang kuat,3,3,3,3,3,Halal
,Telur dadar,trlur,-,-,empuk bundar,tidak ada,aroma bumbu campuran,"rasa yang tidak terlalu asin, dan pas",Gurih penyedap,2,5,1,2,1,Aroma rempah yang sedang,3,3,3,3,3,Halal
,Dendeng,daging sapi,"daging kerbau, daun singkong yg dibuat dendeng",-,"empuk, renyah",tidak ada,aroma daging dan rempah,perpaduan rasa rempah yg menyatu dengan daging,Gurih dengan dominan bumbuu rempah tertentu,2,5,1,2,1,Aroma rempah yang kuat,3,3,3,3,3,Halal
,Ayam pop,ayam,-,-,empuk,tidak ada,aroma rempah pada ayam pop,perpaduan rempah yg menyatu dgn ayam,Gurih dengan dominan bumbuu rempah tertentu,2,4,1,2,1,Aroma rempah yang sedang,3,3,3,3,3,Halal
,Palai bada,bada,ikan kecil-kecil,kelapa parut yg diaduk dgn rempah,betuk persegi dengan bingkusan daun,dibungkus dengan daun pisang,aroma dari rempah yang dibakar,pedas,Gurih dengan dominan bumbuu rempah tertentu,2,5,1,2,1,Aroma rempah yang sedang,3,3,3,3,3,Halal
,Ayam bumbu,ayam,-,bumbu kelapa,"empuk, renyah",tidak ada,aroma bumbu kelapa,gurih,Gurih dengan dominan bumbuu rempah tertentu,2,5,1,2,1,Aroma rempah yang sedang,3,3,3,3,3,Halal
,Sambal lado jariang,jengkol,petai,jeruk purut,jengkol yg dibelah,tidak ada,aroma cabe sambalado khas,pedas,Pedas dengan rasa cabai kuat,3,5,1,2,1,Aroma rempah yang kuat,3,3,3,3,3,Halal
,Dadar barendo,telur,-,"daun bawang, cabe",bundar dengan crispy di tepiannya,tidak ada,aroma gorengan,gurih,Gurih penyedap,2,5,1,2,1,Aroma rempah yang sedang,3,3,3,3,3,Halal
,Pongek cubadak,cubadak,-,-,empuk,-,aroma rempah yg khas,rasa yg menyatu dgn bumbu rempah,Pedas dengan rasa cabai kuat,3,3,1,1,1,Aroma rempah yang sedang,3,3,3,3,3,Halal
,Telur dadar,telur,-,-,bulat dan empuk,-,aroma bawang,rasa dadar yg gurih,Gurih penyedap,1,3,1,1,1,Aroma rempah yang sedang,3,3,3,3,3,Halal
,Dendeng,dagibg sapi,daging kerbau,-,empuk dan padat,-,aroma daging empuk,,Gurih dengan dominan bumbuu rempah tertentu,2,3,1,1,1,Aroma rempah yang sedang,3,3,3,3,3,Halal
,Ayam pop,,,,,,,,Gurih dengan dominan bumbuu rempah tertentu,1,3,1,1,1,Aroma rempah yang sedang,3,3,3,3,3,Halal
,Palai bada,,,,,,,,Gurih dengan dominan bumbuu rempah tertentu,2,3,1,1,1,Aroma rempah yang sedang,3,3,3,3,3,Halal
,Ayam bumbu,,,,,,,,Gurih dengan dominan bumbuu rempah tertentu,1,3,1,1,1,Aroma rempah yang sedang,3,3,3,3,3,Halal
,Sambal lado jariang,,,,,,,,Pedas dengan dominan bumbu rempah tertentu,2,3,1,1,1,Aroma rempah yang sedang,3,3,3,3,3,Halal
,Dadar barendo,,,,,,,,Gurih penyedap,1,3,1,1,1,Aroma rempah yang sedang,3,3,3,3,3,Halal
Yogyakarta,Gathot,Ketela,Setau saya hanya dari ketela,Parutan kelapa,"Potongan tela seperti balok. Warna ada yang hitam, kekkuningan, atau putih. Empuk agak jeras.",Ada daun pisangnya atau kertas minyak,Aroma ketela tapi agak masam,"Manis, ada yang asin gurih",Manis dengan rasa gula yang kuat,1,1,2,1,1,Agak berbau khas tertentu,3,3,4,3,3,Halal
,Thiwul,Ketela,Setau saya hanya dari ketela (tepung gaplek),"Ada tambahan rasa, coklat, gula jawa, dll. Bisa ditambah kelapa parut","Bentuknya bisa menyesuaikan, ada yg dibentuk dengan mangkok. Teksturnya lembut, menyebar, tapi lebih kasar dari nasi.",Di atas daun atau kertas minyak,"Bau khas tepung singkong, atau pandan","Ada yang original gurih. Ada yang manis gula, atau rasa lain",Manis dengan rasa gula yang kuat,1,1,3,1,1,Agak berbau khas tertentu,4,3,4,3,3,Halal
,Gethuk goreng,Ketela,Setau saya hanya dari ketela,"Tepung, parutan kelapa",Lembut. Ada yang dibentuk agak kotak bulat bulat,Di atas daun atau kertas minyak,Agak manis gurih begitu,Khas ketela tapi manis,Manis dengan rasa gula yang kuat,1,1,3,1,1,Agak berbau khas tertentu,3,3,4,2,3,Halal
,Belalang goreng,Belalang,-,"Setau saya digoreng pakai bumbu bawang putih dan garam, atau dibacem dulu",Bentuk belalang :',Di dalam toples,Gurih,"Enak, gurih, renyah, rasa auntentik belalang",Gurih dengan dominan bumbuu rempah tertentu,1,4,1,3,1,Agak berbau khas tertentu,5,2,4,3,3,Halal
,Wedang uwuh,Rempah rempah,"Rempah lain, kayu secang, jahe, dll",Gula batu. Setau saya sudah satu paket lengkap wedang uwuh,Minuman tapi ada rempahnya,Di gelas besar,Enak khas rempah rempah,"Enak, hangat, aromanya juga menenangkan",Tidak pernah coba,2,1,2,1,1,Agak berbau khas tertentu,4,1,4,4,3,Halal
,Nasi merah,Padi merah,-,Dimasak biasa kaya nasi putih,"Bentuk nasi biasa, tapi lebih keras atau kasar dari nasi putih.",Di atas daun atau kertas minyak,Tidak beraroma,"Rasanya seperti nasi biasa, hanya teksturnya yang berbeda",Tidak pernah coba,0,0,0,0,0,Agak berbau khas tertentu,5,0,0,0,0,Halal
,Gathot,Gaplek,tidak ada,"parutan kelapa, gula pasir dan garam","gathot dipotong-potong ukuran kecil, gathot kenyal",dengan besek (rajutan bambu) dalamnya dilapisi daun pisang,aroma gaplek yang sedikit berbau kecut karena gaplek direndam beberapa hari sehingga menimbulkan aroma kecut,"manis gula pasir, gurih kelapa parut, rasa gaplek yang direndam yang khas",Manis dengan rasa gula yang kuat,1,2,3,2,1,Agak berbau khas tertentu,3,3,5,3,3,Halal
,Thiwul,Tepung gaplek,tidak ada,parutan kelapa,"butiran kecil,sedikit kenyal",dengan besek (rajutan bambu) dalamnya dilapisi daun pisang,aroma alami singkong yang khas,"manis gula merah, gurih parutan kelapa,rasa thiwul yang khas",Manis dengan rasa gula yang kuat,1,2,3,2,1,Agak berbau khas tertentu,3,2,5,3,3,Halal
,Gethuk goreng,singkong,tidak ada,"pewarna makanan, adonan tepung sedikit encer","gethuk dipotong dadu, empuk",dengan besek (rajutan bambu) dalamnya dilapisi daun pisang,aroma singkong dan parutan kelapa kukus yang khas,"rasa manis gula pasir, gurih parutan kelapa kukus, rasa singkong kukus yang khas",Manis dengan rasa gula yang kuat,1,2,3,2,1,Tidak beraroma,2,2,4,3,3,Halal
,Belalang goreng,belalang,tidak ada,tidak ada,"belalang utuh, tekstur renyah",di sajikan di dalam toples,"aroma alami belalang, sedap","manis gula merah, gurih rasa rempah yang sedang ditambah rasa manis dari belalang",Gurih dengan dominan bumbuu rempah tertentu,1,3,2,2,1,Aroma rempah yang sedang,4,2,5,4,4,Halal
,Wedang uwuh,"Air, jahe, secang",tidak ada,"kayu manis, gula batu, cengkeh","cair, ada potongan rempah",dikemas dalam kemasan plastik,aroma jahe dan cengkeh yang kuat,"rasa pedas jahe, manis gula batu, dengan aroma rempah yang lain",Manis dengan rasa gula yang kuat,2,1,2,1,1,Aroma rempah yang kuat,3,1,4,5,3,Halal
,Nasi merah,beras merah,tidak ada,sayur lombok ijo,"bulir beras utuh, empuk",dengan besek (rajutan bambu) dalamnya dilapisi daun pisang,aroma nasi mateng,hambar,Tidak pernah coba,0,0,0,0,0,Tidak beraroma,0,0,0,0,0,Halal
,Gathot,singkong yang di keringkan (gaplek),tidak ada,parutan kelapa,"kenyal, potongan kecil tak beraturan",mengunakan besek di alasi daun pisang,sedikit kecut dari aroma singkong yang di fermentasi,manis dan gurih,Manis dengan rasa gula yang kuat,1,2,4,2,1,Agak berbau khas tertentu,2,4,4,3,4,Halal
,Thiwul,singkong yang di keringkan (gaplek ) kemudian di tumbuk menjadi tepung,tidak ada,parutan kelapa,"butiran kecil sedikit kasar, tekstur empuk sedikit kenyal",mengunakan besek di alasi daun pisang,aroma khas singkong yang di keringkan,manis gula merah berpadu gurih tambahan parutan kelapa,"Manis dengan dominan rasa tertentu (coklat, vanila, srikaya, aren)",1,2,4,1,1,Agak berbau khas tertentu,1,4,4,3,4,Halal
,Gethuk goreng,singkong segar,tidak ada,tidak ada,"potongan kecil,empuk mudah di kunyah",mengunakan besek di alasi daun pisang,aroma alami singkong berpadu gula pasir dan kelapa parutan yang di kukus,manis,Asin dengan dominan bumbu rempah tertentu,1,2,3,3,1,Agak berbau khas tertentu,1,4,4,3,4,Halal
,Belalang goreng,belalang dami,belalang kayu,tidak ada,"renyah, belalang utuh",toples kecil,aroma alami dari belalang,gurih,Pedas dengan dominan bumbu rempah tertentu,4,4,2,3,1,Aroma rempah yang sedang,4,3,4,4,4,Halal
,Wedang uwuh,"air, jahe, cengkeh","secang, gula batu",daun pala,"cair, banyak rempah tak beraturan",packing plastik,semerdik jahe bakar dan cengkeh,segar dan sedikit pedas dari jahe bakar,Manis dengan rasa gula yang kuat,1,2,3,1,1,Aroma rempah yang kuat,4,4,4,4,4,Halal
,Nasi merah,beras merah,tidak ada,"lauk sayur lombok ijo, tahu tempe bacem","biji beras utuh, sedikit kasar",mengunakan besek di alasi daun pisang,tidak beraroma,sedikit manis,Tidak pernah coba,4,1,1,1,1,Tidak beraroma,4,4,4,4,4,Halal
,Gathot,gaplek,tidak ada,"kelapa parut, garam","potong kecil, kenyal",besek di alasi daun pisang atasnya di beri taburan parutan kelapa,sedikit penguk/apek,"manis gula pasir, rasa alami singkong","Manis dengan dominan rasa tertentu (coklat, vanila, srikaya, aren)",0,5,5,4,0,Agak berbau khas tertentu,4,3,5,5,5,Halal
,Thiwul,tepung gaplek,tidak ada,"kelapa parut, gula merah, garam","butiran pasir, empuk sedikit kenyal",tempat nasi dari anyaman bambu,aroma manis dari alami singkong,"manis gula merah, rasa alami singkong",Gurih penyedap,0,5,5,0,0,Agak berbau khas tertentu,4,3,5,5,5,Halal
,Gethuk goreng,singkong,tidak ada,adonan tepung terigu,"bulat tak beraturan, lembut di dalam krispi di luar",besek anyaman bambu,manis,sedikit manis,Asin dengan dominan bumbu rempah tertentu,0,5,4,3,0,Agak berbau khas tertentu,4,3,5,5,5,Halal
,Belalang goreng,belalang,tidak ada,sambel bawang,"belalang utuh, renyah",toples kecil,aroma khas dari belalang,"renyah, gurih rasa alami belalang",Pedas dengan dominan bumbu rempah tertentu,5,5,4,4,0,Aroma rempah yang sedang,5,2,4,5,5,Tidak tahu
,Wedang uwuh,"jahe, cengkeh, sereh, air",tidak ada,"gula batu, secang","cair, panas",gelas toples berukuran sedang dengan garnis batang sereh,aroma khas rempah rempah,pedes jahe&cengkeh manis gula batu,Manis dengan rasa gula yang kuat,0,0,5,0,0,Aroma rempah yang kuat,4,4,4,5,5,Halal
,Nasi merah,beras merah,tidak ada,sayur lombok ijo+krecek,"biji beras utuh, tidak pulen",ceting nasi dari anyaman bambu,aroma bekatul,hambar,Gurih penyedap,0,5,4,0,0,Tidak beraroma,5,4,5,5,5,Halal
,Gathot,singkong kering,tidak ada,parutan kelapa muda,"potongan kecil, kenyal",dialasi daun pisang bungkus dengan besek,aroma alami singkong yang sedikit tumbuh jamur jadi bau sedikit kecut,,Manis dengan rasa gula yang kuat,1,3,2,3,1,Agak berbau khas tertentu,2,3,4,3,4,Halal
,Thiwul,tepung singkong,tidak ada,"parutan kelapa muda, keju, coklat","butiran kecil, pera",dialasi daun pisang bungkus dengan besek,,,"Manis dengan dominan rasa tertentu (coklat, vanila, srikaya, aren)",1,2,3,1,1,Agak berbau khas tertentu,3,4,4,3,4,Halal
,Gethuk goreng,singkong segar,umbi umbian,"gula, karamel","potongan kecil, empuk",dialasi daun pisang bungkus dengan besek,,,Asin dengan rasa garam yang kuat,1,1,3,1,1,Agak berbau khas tertentu,3,3,4,3,4,Halal
,Belalang goreng,belalang,jangkrik,sambal bawang,"krispi, renyah",toples plastik wrapping,,,Gurih dengan dominan bumbuu rempah tertentu,1,4,2,3,1,Aroma rempah yang sedang,4,3,3,3,4,Halal
,Wedang uwuh,"air, jahe, secang, sereh","cengkeh, salam, kayu manis",gula batu,cair,gelas sedang semua rempah di masukan,,,Manis dengan rasa gula yang kuat,3,1,1,1,1,Aroma rempah yang sedang,4,1,5,3,4,Halal
,Nasi merah,beras merah,tidak ada,aneka sayur lombok ijo dan lauk ayam goreng kampung,"biji beras utuh, pera",dialasi daun pisang bungkus dengan besek,,,Gurih penyedap,1,1,1,1,1,Tidak beraroma,3,3,3,3,4,Halal
Aceh,Sanger,Biji kopi arabica,Biji kopi robusta,Susu,Cairan,Tidak ada,Khas kopi,Pahit dan sedikit manis,"Manis dengan dominan rasa tertentu (coklat, vanila, srikaya, aren)",1,1,2,1,1,Agak berbau khas tertentu,4,5,5,5,4,Halal
,Boh itek teupeulemak,,,,,,,,Tidak pernah coba,0,0,0,0,0,,0,0,0,0,0,Tidak tahu
,Keumamah,,,,,,,,Tidak pernah coba,0,0,0,0,0,,0,0,0,0,0,Tidak tahu
,Mie aceh,Mie kuning,Tidak ada,"Acar bawang, telur",Lembut,Tidak ada,Khas campuran beberapa rempah,Gurih dan terkadang pedas,Gurih dengan dominan bumbuu rempah tertentu,3,4,1,3,1,Aroma rempah yang kuat,4,5,4,5,4,Halal
,Asam keu'eung,,,,,,,,Tidak pernah coba,0,0,0,0,0,,0,0,0,0,0,Tidak tahu
,Sanger,,,,,,,,"Manis dengan dominan rasa tertentu (coklat, vanila, srikaya, aren)",0,0,2,0,0,Aroma rempah yang kuat,2,0,5,5,5,Halal
,Boh itek teupeulemak,,,,,,,,Gurih dengan dominan bumbuu rempah tertentu,2,2,0,0,0,Aroma rempah yang kuat,3,5,5,5,5,Halal
,Keumamah,,,,,,,,Gurih dengan dominan bumbuu rempah tertentu,2,1,0,1,0,Aroma rempah yang kuat,3,5,5,5,5,Halal
,Mie aceh,,,,,,,,Gurih dengan dominan bumbuu rempah tertentu,2,2,0,1,5,Aroma rempah yang kuat,3,5,5,5,5,Halal
,Asam keu'eung,Ikan,Tidak ada,Belimbing wuluh,"Kuah kuning, ikan empuk",Tidak ada,Khas belimbing,"Pedas, asam belimbing",Pedas dengan dominan bumbu rempah tertentu,2,2,0,1,4,Aroma rempah yang kuat,3,5,5,5,5,Halal
,Sanger,,,,,,,,Tidak pernah coba,,,,,,,,,,,,
,Boh itek teupeulemak,,,,,,,,Tidak pernah coba,,,,,,,,,,,,
,Keumamah,,,,,,,,Tidak pernah coba,,,,,,,,,,,,
,Mie aceh,Mie kuning,Tidak ada,"Telur, kerupuk, acar","Mie lembut, berkuah agak kental",Tidak ada,Khas rempah,"Gurih, pedas lada dan cabai",Pedas dengan dominan bumbu rempah tertentu,3,4,1,2,1,Aroma rempah yang sedang,4,5,4,5,5,Halal
,Asam keu'eung,,,,,,,,Tidak pernah coba,,,,,,,,,,,,
,Sanger,Kopi arabica,Kopi robusta,Susu kental manis,"Cair, berwarna coklat muda",Tidak ada,Khas kopi + susu,Pahit kopi bercampur manis dari susu,"Manis dengan dominan rasa tertentu (coklat, vanila, srikaya, aren)",1,1,3,1,1,Agak berbau khas tertentu,3,5,4,5,5,Halal
,Boh itek teupeulemak,,,,,,,,Tidak pernah coba,,,,,,,,,,,,
,Keumamah,,,,,,,,Tidak pernah coba,,,,,,,,,,,,
,Mie aceh,,,,,,,,Tidak pernah coba,,,,,,,,,,,,
,Asam keu'eung,,,,,,,,Tidak pernah coba,,,,,,,,,,,,
,Sanger,,,,,,,,,,,,,,,,,,,,
,Boh itek teupeulemak,,,,,,,,,,,,,,,,,,,,
,Keumamah,,,,,,,,,,,,,,,,,,,,
,Mie aceh,Mie kuning,Tidak Ada,"Telur, acar, kerupuk","Mie lembut, agak basah/berkuah",Tidak Ada,Khas rempah-rempah,Pedas dan gurih khas rempah,Pedas dengan dominan bumbu rempah tertentu,3,4,1,2,1,Aroma rempah yang kuat,4,5,4,5,5,Halal
,Asam keu'eung,,,,,,,,,,,,,,,,,,,,
Manado,Tinutuan,Labu,Ubi,"sambal roa, daun singkong, singkong, jagung",kental,Tidak ada,aroma daun kemangi kuat,rasa manis dan gurih,Pedas dengan dominan bumbu rempah tertentu,2,3,2,3,2,Aroma rempah yang kuat,3,3,3,3,3,Halal
,Nasi goreng roa/cakalang,"Nasi, ikan roa",ikan cakalang,"acar timun, sambal roa",berminyak,Tidak ada,Aroma bawang dan ikan yang kuat,rasa jahe yang kuat pedas dan gurih,Asin dengan dominan bumbu rempah tertentu,2,3,3,3,2,Aroma rempah yang kuat,3,3,3,3,3,Halal
,Dabu-dabu,"cabe, bawang, tomat",Tidak Ada,Tidak Ada,"berair, potongan besar",Tidak ada,"Aroma segar tomat, aroma lemon","Pedas, asam",Pedas dengan rasa cabai kuat,3,2,3,3,2,Aroma rempah yang kuat,3,3,3,3,3,Halal
,Perkedel milu,Jagung manis,Tidak Ada,Tidak Ada,"krispi, lembut",Tidak ada,biasa saja,gurih,Asin dengan dominan bumbu rempah tertentu,2,2,2,2,3,Aroma rempah yang sedang,2,2,2,2,3,Halal
,Perkedel nike,Ikan Nike,Tidak ada,Tidak Ada,krispi adonan lembut,Tidak ada,biasa saja,Gurih,Asin dengan dominan bumbu rempah tertentu,2,2,2,2,3,Aroma rempah yang sedang,2,2,2,2,3,Halal
,Mie cakalang,Mie,Tidak ada,"Bawang goreng, sawi hijau, kol","kenyal, berkuah",Tidak ada,aroma ikan cakalang dan sambal,gurih pedas,Pedas dengan dominan bumbu rempah tertentu,3,3,3,3,3,Aroma rempah yang kuat,3,3,3,3,3,Halal
,Tinutuan,"Labu, beras",tdk ada,sayur singkong,"Berkuah, kental, lembut, encer",tdk ada,aroma daun kemangi kuat,rasa manis dan gurih,Gurih dengan dominan bumbuu rempah tertentu,4,4,3,3,2,Aroma rempah yang kuat,4,4,4,4,4,Halal
,Nasi goreng roa/cakalang,"Nasi, ikan roa",ikan cakalang,bawang goreng,Sedikit berminyak,tdk ada,Aroma bawang dan ikan yang kuat,rasa jahe yang kuat pedas dan gurih,Gurih dengan dominan bumbuu rempah tertentu,3,4,3,3,2,Agak berbau khas tertentu,3,3,4,3,4,Halal
,Dabu-dabu,"Cabai rawit, lemon",tdk ada,tdk ada,"Bentuk potongan kasar bawang, cabai, tomat, dengan tekstur sedikit berair dari air lemon",tdk ada,"Aroma segar tomat, aroma lemon","Pedas, asam",Gurih dengan dominan bumbuu rempah tertentu,4,4,3,3,3,Aroma rempah yang sedang,3,3,4,3,4,Halal
,Perkedel milu,Jagung,tdk ada,tdk ada,"Renyah, adonan lembut",tdk ada,biasa saja,gurih,Gurih dengan dominan bumbuu rempah tertentu,2,4,3,3,2,Aroma rempah yang sedang,3,2,3,3,4,Halal
,Perkedel nike,Ikan Nike,tdk ada,tdk ada,"Tipis, renyah, tekstur adonan lembut",Tidak ada,biasa saja,Gurih,Gurih dengan dominan bumbuu rempah tertentu,3,4,3,3,2,Aroma rempah yang sedang,3,2,3,3,4,Halal
,Mie cakalang,"Mie, cakalang",tdk ada,bawang goreng,"Berkuah, sedikit berminyak, tekstur mie yang kenyal",Tidak ada,aroma ikan cakalang dan sambal,gurih pedas,Gurih dengan dominan bumbuu rempah tertentu,3,4,3,3,2,Aroma rempah yang kuat,3,4,3,3,4,Halal
,Tinutuan,"Labu, beras",Ubi,sayur singkong,"Berkuah, kental, lembut, encer","Disajikan dengan makanan pendemping Sambal roa, sambal bakasang, ikan asin, perkedel nike, perkedel jagung","Aroma rempah-rempah yang kuat, aroma daun kemangi","Rasa dominan gurih, rasa labu kuning yang kuat, jagung yang manis, campuran rempah-rempah, sayur-sayuran segar.",Gurih dengan dominan bumbuu rempah tertentu,1,4,2,2,1,Aroma rempah yang kuat,3,4,4,3,4,Tidak tahu
,Nasi goreng roa/cakalang,,,,,,,,Tidak pernah coba,0,0,0,0,0,0,0,5,0,0,0,Tidak tahu
,Dabu-dabu,"Cabai rawit, lemon",Tdk tau,tdk ada,"Bentuk potongan kasar bawang, cabai, tomat, dengan tekstur sedikit berair dari air lemon",Disajikan dengan ikan bakar atau ikan goreng,"Aroma segar tomat, aroma lemon","Pedas, asam",Pedas dengan dominan bumbu rempah tertentu,3,1,2,2,1,Aroma rempah yang sedang,2,4,4,3,4,Tidak tahu
,Perkedel milu,Jagung,kurang tau,tdk ada,"Renyah, adonan lembut",Tidak ada,"Wangi daun bawang, dan aroma jagung yang dominan","Renyah, gurih, rasa jagung yang manis",Gurih dengan dominan bumbuu rempah tertentu,1,4,1,2,1,Aroma rempah yang sedang,2,3,4,3,4,Tidak tahu
,Perkedel nike,Ikan Nike,tdk ada,tdk ada,"Tipis, renyah, tekstur adonan lembut",Tidak ada,"Bau ikan nike yang khas, dan aroma daun bawang","Gurih, rasa ikan nike yang khas, renyah",Gurih dengan dominan bumbuu rempah tertentu,1,4,1,2,1,Aroma rempah yang sedang,2,3,4,3,4,Tidak tahu
,Mie cakalang,,,,,,,,Tidak pernah coba,0,0,0,0,0,0,0,0,0,0,0,Tidak tahu
,Tinutuan,"Labu, beras",tdk ada,"sambal roa, daun singkong, singkong, jagung",kental,,aroma rempah,manis gurih,Gurih dengan dominan bumbuu rempah tertentu,3,5,2,3,1,Aroma rempah yang kuat,4,5,5,5,5,Halal
,Nasi goreng roa/cakalang,"Nasi, ikan roa",ikan cakalang,"acar timun, sambal roa",berminyak,,aroma rempah,pedas,Pedas dengan dominan bumbu rempah tertentu,2,4,3,2,1,Aroma rempah yang kuat,2,3,4,5,5,Halal
,Dabu-dabu,"tomat, rawit, lemon",tdk ada,Tidak Ada,"berair, potongan besar",,aroma cabai,pedas,Pedas dengan dominan bumbu rempah tertentu,3,3,3,3,1,Agak berbau khas tertentu,3,3,4,3,4,Halal
,Perkedel milu,Jagung,tdk ada,Tidak Ada,"krispi, lembut",,tdk beraroma,gurih jagung,Gurih dengan dominan bumbuu rempah tertentu,1,5,3,3,1,Agak berbau khas tertentu,4,5,4,5,5,Halal
,Perkedel nike,Ikan Nike,tdk ada,Tidak Ada,krispi adonan lembut,,tdk beraroma,rasa daun bawang,Gurih dengan dominan bumbuu rempah tertentu,1,5,3,3,1,Agak berbau khas tertentu,4,5,4,5,5,Halal
,Mie cakalang,"Mie, ikan cakalang",tdk ada,"Bawang goreng, sawi hijau, kol","kenyal, berkuah",,aroma rempah,pedas,Gurih dengan dominan bumbuu rempah tertentu,3,4,2,3,1,Aroma rempah yang kuat,3,4,4,5,4,Halal
,Tinutuan,Labu,Tidak Ada,"sambal roa, daun singkong, singkong, jagung",kental,Tidak Ada,aroma daun kemangi kuat,rasa manis dan gurih,Gurih dengan dominan bumbuu rempah tertentu,1,4,4,1,1,Aroma rempah yang kuat,5,5,5,5,5,Halal
,Nasi goreng roa/cakalang,"Nasi, ikan roa",Tidak Ada,"acar timun, sambal roa",berminyak,Tidak Ada,Aroma bawang dan ikan yang kuat,rasa jahe yang kuat pedas dan gurih,Pedas dengan dominan bumbu rempah tertentu,3,5,1,1,1,Agak berbau khas tertentu,3,2,4,4,4,Halal
,Dabu-dabu,cabai dan tomat,Tidak ada,Tidak Ada,"berair, potongan besar",Tidak ada,"Aroma segar tomat, aroma lemon","Pedas, asam",Pedas dengan rasa cabai kuat,5,2,1,4,5,Aroma rempah yang sedang,5,2,5,5,5,Halal
,Perkedel milu,Jagung,Tidak ada,Tidak Ada,"krispi, lembut",Tidak ada,biasa saja,gurih,Gurih dengan dominan bumbuu rempah tertentu,1,5,4,2,1,Agak berbau khas tertentu,3,1,3,4,4,Halal
,Perkedel nike,Ikan Nike,Tidak ada,Tidak Ada,krispi adonan lembut,Tidak ada,biasa saja,Gurih,Gurih dengan dominan bumbuu rempah tertentu,1,5,1,3,1,Agak berbau khas tertentu,3,1,3,4,4,Halal
,Mie cakalang,"Mie, ikan cakalang",Tidak ada,"Bawang goreng, sawi hijau, kol","kenyal, berkuah",Tidak ada,aroma ikan cakalang dan sambal,gurih pedas,Gurih dengan dominan bumbuu rempah tertentu,1,5,1,1,1,Aroma rempah yang sedang,3,4,3,4,4,Halal
Bogor,Nasi TImbel,beras merah campuran (beras yang dijadikan nasi),Beras yang djidikan nasi,"Ayam, tempe, tahu, sambal","Daun pandan, daun jeruk.",dibungkus daun pisang dengan berbagai lauk pelengkap,aroma rempah,Gurih,Asin dengan dominan bumbu rempah tertentu,2,3,1,2,1,Aroma rempah yang kuat,2,3,2,3,3,Halal
,Ikan Bakar/Goreng,"daging Ikan mas,/urame/bawal",aneka Ikan lainnya,"jeruk nipis, bawang, kecap.","garam, cabai",potongan daging empuk,ikan dengan bumbu rempah,gurih,Asin dengan dominan bumbu rempah tertentu,2,3,1,2,1,Aroma rempah yang sedang,2,2,2,3,3,Halal
,Ayam Bakar/Goreng,daging ayam,aneka unggas lainnya,"sambal, timun, selada","garam, lada",potongan daging umpuk,daging ayam yang dibakar atau digoreng,gurih,Asin dengan dominan bumbu rempah tertentu,2,3,1,2,1,Aroma rempah yang sedang,2,2,2,3,3,Halal
,Nasi TImbel,beras merah campuran (beras yang dijadikan nasi),Beras yang djidikan nasi,"Ayam, tempe, tahu, sambal","Daun pandan, daun jeruk.",dibungkus daun pisang dengan berbagai lauk pelengkap,aroma rempah,Gurih,Gurih dengan dominan bumbuu rempah tertentu,2,1,2,2,1,Aroma rempah yang kuat,3,2,3,3,3,Halal
,Ikan Bakar/Goreng,"daging Ikan mas,/urame/bawal",aneka Ikan lainnya,"jeruk nipis, bawang, kecap.","garam, cabai",potongan daging empuk,ikan dengan bumbu rempah,gurih,Gurih dengan dominan bumbuu rempah tertentu,3,3,2,2,1,Aroma rempah yang sedang,3,2,3,3,3,Halal
,Ayam Bakar/Goreng,daging ayam,aneka unggas lainnya,"sambal, timun, selada","garam, lada",potongan daging umpuk,daging ayam yang dibakar atau digoreng,gurih,Gurih dengan dominan bumbuu rempah tertentu,3,3,2,2,1,Aroma rempah yang sedang,3,2,3,3,3,Halal
,Nasi TImbel,beras merah campuran (beras yang dijadikan nasi),Beras yang djidikan nasi,"Ayam, tempe, tahu, sambal","Daun pandan, daun jeruk.",dibungkus daun pisang dengan berbagai lauk pelengkap,aroma rempah,Gurih,Gurih dengan dominan bumbuu rempah tertentu,2,3,2,2,1,Aroma rempah yang kuat,3,3,3,3,3,Halal
,Ikan Bakar/Goreng,"daging Ikan mas,/urame/bawal",aneka Ikan lainnya,"jeruk nipis, bawang, kecap.","garam, cabai",potongan daging empuk,ikan dengan bumbu rempah,gurih,Gurih dengan dominan bumbuu rempah tertentu,2,3,2,2,1,Aroma rempah yang sedang,3,3,3,3,3,Halal
,Ayam Bakar/Goreng,daging ayam,aneka unggas lainnya,"sambal, timun, selada","garam, lada",potongan daging umpuk,daging ayam yang dibakar atau digoreng,gurih,Gurih dengan dominan bumbuu rempah tertentu,2,3,2,2,1,Aroma rempah yang sedang,3,3,3,3,3,Halal
,Nasi TImbel,beras merah campuran (beras yang dijadikan nasi),Beras yang djidikan nasi,"Ayam, tempe, tahu, sambal","Daun pandan, daun jeruk.",dibungkus daun pisang dengan berbagai lauk pelengkap,aroma rempah,Gurih,Gurih dengan dominan bumbuu rempah tertentu,2,3,2,2,1,Aroma rempah yang kuat,3,3,3,3,3,Halal
,Ikan Bakar/Goreng,"daging Ikan mas,/urame/bawal",aneka Ikan lainnya,"jeruk nipis, bawang, kecap.","garam, cabai",potongan daging empuk,ikan dengan bumbu rempah,gurih,Gurih dengan dominan bumbuu rempah tertentu,2,3,2,2,1,Aroma rempah yang sedang,3,3,3,3,3,Halal
,Ayam Bakar/Goreng,daging ayam,aneka unggas lainnya,"sambal, timun, selada","garam, lada",potongan daging umpuk,daging ayam yang dibakar atau digoreng,gurih,Gurih dengan dominan bumbuu rempah tertentu,2,3,2,2,1,Aroma rempah yang sedang,3,3,3,3,3,Halal
,Nasi TImbel,beras merah campuran (beras yang dijadikan nasi),Beras yang djidikan nasi,"Ayam, tempe, tahu, sambal","Daun pandan, daun jeruk.",dibungkus daun pisang dengan berbagai lauk pelengkap,aroma rempah,Gurih,Gurih dengan dominan bumbuu rempah tertentu,3,5,2,2,1,Aroma rempah yang sedang,5,5,5,5,5,Halal
,Ikan Bakar/Goreng,"daging Ikan mas,/urame/bawal",aneka Ikan lainnya,"jeruk nipis, bawang, kecap.","garam, cabai",potongan daging empuk,ikan dengan bumbu rempah,gurih,Gurih dengan dominan bumbuu rempah tertentu,3,5,2,2,1,Aroma rempah yang sedang,5,5,5,5,5,Halal
,Ayam Bakar/Goreng,daging ayam,aneka unggas lainnya,"sambal, timun, selada","garam, lada",potongan daging umpuk,daging ayam yang dibakar atau digoreng,gurih,Gurih dengan dominan bumbuu rempah tertentu,3,5,2,2,1,Aroma rempah yang sedang,5,5,5,5,5,Halal
Kendari,Sinonggi,sagu,kanji,"ikan,sayur,kacang sangari, oerkadel","bentuk menyerupai lem, tekstur lengket",menghunakan sumpit,bagu sagu,"rasa cenderung tawar, namun akan terasa gurih apabila dicampur dengan air ikan",Gurih dengan dominan bumbuu rempah tertentu,4,5,3,2,3,Agak berbau khas tertentu,5,5,5,5,5,Halal
,Ikan Dole,ikan dole,tidak ada,"bawang putih, parutan kelapa, bawang merah, serai, cabai, lada",garing,tidak ada,"ikan dole mempunyai aroma khas, yang sedikit berbau amis.","gurih, pedas",Tidak pernah coba,3,0,0,0,0,0,0,0,0,0,0,Tidak tahu
,Sinonggi,sagu,tidak ada,"ikan, sayur, sambel, tahu goreng, kuah ikan","lengket menyerupai lem, kenyal dan berbentuk bulat",menggunakan sumpit,mempunyai aroma khas tersediri (bau sagu),rasa cenderung tawar,Pedas dengan dominan bumbu rempah tertentu,1,1,1,1,1,Tidak beraroma,3,3,3,3,3,Halal
,Ikan Dole,ikan dole,ikan patin,sambel,tekstur daging ikan lembut,tidak ada,bau amis karena ikan dole merukapan ikan air tawar,gurih,Pedas dengan dominan bumbu rempah tertentu,1,1,1,1,1,Tidak beraroma,3,3,3,3,3,Halal
,Sinonggi,sagu,kanji,"daun bayam, kangkung, terong, tomat, ikan, perkadel, sambel, kacang sangarai.",bentuk kenyal seperti lem dan berbentuk bulat,menggunakan sumpit,aroma khas (bau sagu),"rasa cenderung tawar, namun apabila semua bahan pelengkap makanan telah dicampurkan rasanya gurih dan pedas.",Pedas dengan dominan bumbu rempah tertentu,3,4,3,2,4,Aroma rempah yang kuat,4,4,4,4,4,Halal
,Ikan Dole,ikan dole,tidak ada,"cabai, bawang merah, bawang putih, serai, lada, kemiri.",tesktur daging ikan lembut,tidak ada,aroma rempah-rempah,"gurih, pedas, agak manis-manis",Pedas dengan rasa cabai kuat,2,4,3,2,2,Aroma rempah yang sedang,3,3,4,4,4,Halal
,Sinonggi,sagu,kanji,"sayur, ikan, perkadel, kacang sangrai","kenyal menyerupai lem, dan berbentuk bulat",menggunakan sumpit,"aroma khas tertentu (sagu) dan tanmbahan rempah-rempah misal serai, lada, cabai dan kuah ikan","rasa cenderung tawar, dan gurih",Gurih dengan dominan bumbuu rempah tertentu,4,5,3,3,2,Agak berbau khas tertentu,5,3,5,5,5,Halal
,Ikan Dole,ikan dole,tidak ada,"cabai, bawang putih, bawang merah, lada, serai, kemiri,",daging ikan yang lembut dan berbentuk seperti perkadel,tidak ada,"daging ikan sendiri berbau amis, namun apabila telah diolah aroma akan semakin nikmat dengan tambahan rempah-rempah","gurih, pedas dan garing",Gurih penyedap,4,5,3,3,2,Agak berbau khas tertentu,5,5,5,5,5,Halal
,Sinonggi,sagu,kanji,"sayur, daging ikan, kuah ikan, gorengan, sambel, kacang sangari","tekstur lengket menyerupai lem, kenyal dan berbentuk bulat.",menggunkakan sumpit,"dari adonan sagu sendiri mengeluarkan aroma yang berbau khas, namun apalaila semua bahan telah dicarukan misal ""sayur, daging ikan, kuah ikan dlll"" sinonggi aka mengekuarkan aroma yang sangat nikmat dengan bau rempah-rempah","rasa adonan cenderung tawar, namun jika adonan sagu telah dicamour dengan semua bahan pelengkap makanan misal ""sayur, daging ikan, kuh ikan dll"" sinonggi akan semakin enak dan gurih.",Gurih dengan dominan bumbuu rempah tertentu,3,4,2,3,2,Agak berbau khas tertentu,5,3,5,5,5,Halal
,Ikan Dole,ikan dole,tidak ada,"cabai, bawang merah, bawang putih, lada, serai, kemiri dan parutan kelapa",daging ikan empuk,tidak ada,"aroma ikan amis, namum jika diolah dengan menggunakan rempah-rempah ikan dole diolah menggunakan rempah yang lengkap maka bau amis ika tersebut akan hilang","pedas, manis sesuai selera. tetapi ikan dole ini memiliku rasa yang kahs dan tinggi akan vitanim serta gurih.",Gurih penyedap,3,4,2,2,2,Agak berbau khas tertentu,5,4,4,5,5,Halal
Banjarnegara,Mendoan,Tempe,Tidak ada,"Daun bawang, tepung terigu, bumbu mendoan",Lebar teksturnya lembek,Disajikan dengan sambal kecap atau cabe,Aroma rempah kuat,Asin dan gurih,Gurih dengan dominan bumbuu rempah tertentu,1,4,1,3,1,Aroma rempah yang sedang,3,3,3,3,3,Halal
,Mendoan,Tempe,Tidak ada,"Daun bawang,tepung, bumbu",Lebar/tipis teksturnya garing kriuk,Disajikan dengan saos atau sambal kecap,Aroma rempah dari bumbu yang kuat,Asin dan gurih,Gurih dengan dominan bumbuu rempah tertentu,3,4,2,3,2,Agak berbau khas tertentu,4,3,3,3,3,Halal
,Mendoan,Tempe,Tidak ada,"Tepung, daun bawang, bumbu dan penyedap rasa",Lebar dan lembek,Disajikan dengan sambal kecap,Aroma rempah kuat,Asin dan gurih,Gurih dengan dominan bumbuu rempah tertentu,5,5,4,4,4,Agak berbau khas tertentu,5,4,4,4,4,Halal
,Mendoan,Tempe,Tidak ada,"Daun bawang,tepung terigu, bumbu",Lebar tipis dan lembek,"Disajikan dengan cabai,sambel kecap dan saos",Aroma rempah kuat,Rasa asin dan gurih,Pedas dengan rasa cabai kuat,3,4,3,3,3,Agak berbau khas tertentu,2,3,4,4,4,Halal
,Mendoan,Tempe,Tidak ada,"Daun bawang,tepung dan bumbu",Lebar tipis dan lembek,Disajikan dengan sambal kecap,Aroma rempah kuat,Asin dan gurih,Gurih dengan dominan bumbuu rempah tertentu,1,3,1,2,0,Agak berbau khas tertentu,2,3,3,3,3,Halal
Lubuk linggau,Pempek,ikan tenggiri,ikan gabus,"udang rebon timun, cuka","bulat, pipih lenjer, tektur kenyal",disajikan di piring dan dimakan dengan cuka,tercium aroma ikan,rasanya gurih,Gurih penyedap,0,5,0,3,0,Tidak beraroma,4,3,5,5,4,Halal
,Model,ikan tenggiri,ikan gabus,"bihun, timun, daun sop","bulat besar, tektur kenyal",disajikan dimangkuk dan disiram dengan kuah,kuahnya tercium aroma kaldu udang,rasanya gurih,Tidak pernah coba,1,4,0,3,1,Aroma rempah yang sedang,4,3,4,5,4,Halal
,Tekwan,ikan tenggiri,"ikan gabus, tanpa ikan","udang rebon timun, cuka",bulat kecil tidak beraturan,disajikan dimangkuk dan disiram dengan kuah,disajikan di piring dan dimakan dengan cuka,rasanya gurih,Tidak pernah coba,1,4,0,3,1,Tidak beraroma,4,3,4,4,4,Halal
,Mie Celor,mie kuning basah,-,"udang , telur rebus",tektur mie kenyal,disajikan dimangkung dan ditambahkan telur rebus,tercium aroma rempah,rasanya gurih,Gurih penyedap,0,5,0,3,0,Tidak beraroma,4,3,5,5,4,Halal
,Rujak Mie,mie kuning basah,mie instan,"pempek, tahu goreng, kerupuk",tektur mie kenyal,disajikan dimangkuk,tidak ada aroma,rasanya gurih dan sedikit pedas dari cukanya,Gurih dengan dominan bumbuu rempah tertentu,1,5,0,3,0,Aroma rempah yang sedang,4,3,4,4,4,Halal
,Lenggang,ikan tenggiri,ikan gabus,"udang rebon timun, cuka",lingkaran pipih,disajikan di piring dan dimakan dengan cuka,tercium aroma telur yang digoreng,rasanya gurih dan sedikit pedas dari cukanya,Gurih dengan dominan bumbuu rempah tertentu,1,5,0,3,0,Aroma rempah yang sedang,4,3,4,4,4,Halal
,Pempek,ikan tenggiri,ikan kakap,cuka,"pempek bulat, pipih, lonjong",disajikan dipiring,tidak ada aroma,"rasa gurih dari ikan, sedikit pedas dari cuka",Gurih penyedap,0,5,0,3,0,Tidak beraroma,5,3,5,5,5,Halal
,Model,ikan tenggiri,ikan kakap,"timun, bihun",bulat besar,disajikan dengan kuah yang terdapat potongan bengkuang dan bunga sedap malam,tidak ada aroma,"rasa gurih dari ikan, dan kuahnya gurih dari kaldu udang",Tidak pernah coba,1,4,0,3,0,Aroma rempah yang sedang,5,3,5,4,4,Halal
,Tekwan,ikan tenggiri,ikan kakap,"timun, bihun",bulat kecil tidak beraturan,disajikan dengan kuah yang terdapat potongan bengkuang dan bunga sedap malam,tidak ada aroma,"rasa gurih dari ikan, sedikit pedas dari cuka",Tidak pernah coba,1,4,0,2,1,Tidak beraroma,4,3,4,5,4,Halal
,Mie Celor,mie kuning basah,-,telur rebus,mie kenyal,disajikan dimangkok,beraroma rempah sedang,terasa gurih dari udang dan campuran santan,Tidak pernah coba,1,5,0,3,0,Tidak beraroma,4,3,4,4,5,Halal
,Rujak Mie,mie kuning basah,mie instan,"timun, kerupuk merah",mie kenyal,disajikan dipiring,tidak beraroma,"rasa gurih dari potongan pempek, dan sedikit pedas asam manis dari cuka",Gurih dengan dominan bumbuu rempah tertentu,1,4,0,3,1,Agak berbau khas tertentu,4,4,5,4,4,Halal
,Lenggang,ikan tenggiri,ikan kakap,"cuka, timun, udang rebon",lengang terasa lembut dan sedkit kenyal,disajikan bersama cuka dan potongan timun serta taburan udang rebon,tidak beraroma,"rasa gurih dari ikan, sedikit pedas dari cuka",Gurih dengan dominan bumbuu rempah tertentu,1,5,0,3,0,Agak berbau khas tertentu,4,3,5,5,5,Halal
,Pempek,ikan tenggiri,"ikan sapu - sapu, tanpa ikan",cuka,"bulat, pipih, lenjer",disajikan dengann cuka,tidak ada aroma,rasa ikan gurih dan cukanya sdikit pedas,Gurih penyedap,0,5,0,3,0,Tidak beraroma,4,3,5,5,5,Halal
,Model,ikan tenggiri,"ikan sapu - sapu, tanpa ikan","bihun, timun","bulat besar, dipotong - potong sedang. tektur kenyal",disajikan dimangkok,tidak ada aroma,rasa gurih,Gurih penyedap,1,4,0,3,0,Aroma rempah yang sedang,5,3,4,4,4,Halal
,Tekwan,ikan tenggiri,"ikan sapu - sapu, tanpa ikan","bihun, timun","bulat kecil, tidak beraturan, tektur kenyal",disajikan dimangkok,tidak ada aroma,rasa gurih,Tidak pernah coba,1,4,0,2,1,Tidak beraroma,4,3,5,5,5,Halal
,Mie Celor,mie kuning basah,-,"telur rebus, bawang goreng",tektur mie kenyal,mie celor disajikan dimangkok dan disiram dengan kuah santan kental gurih yang berisi udang,aroma santan gurih dan bearoma rempah sedang,rasa gurih,Tidak pernah coba,0,5,0,3,0,Tidak beraroma,4,2,5,5,4,Halal
,Rujak Mie,mie kuning basah,mie instan,"kerupuk, tahu, pempek",tektur mie kenyal,disajikan dpiring dengan mie disiram dengan cuka dan diberi potongan pempek dan tahu goreng,tidak ada aroma,rasa sedikit pedas gurih,Gurih penyedap,1,5,0,3,0,Aroma rempah yang sedang,5,3,5,5,5,Halal
,Lenggang,ikan tenggiri,"ikan sapu - sapu, ikan gabus","udang rebon, timun, cuka",tektur kenyal,disajikan dipiring dan disiram dengan cuka serta tambahan potongan timun dan udang rebon,tidak ada aroma,rasa gurih,Tidak pernah coba,1,5,0,3,0,Aroma rempah yang sedang,5,3,5,5,5,Halal
,Pempek,ikan tenggiri,"ikan gabus, ikan sapu - sapu",cuka,"pempek bulat, pipih, lonjong",disajikan di piring dan dimakan dengan cuka,tidak ada aroma,rasanya gurih,Gurih penyedap,0,4,0,3,0,Tidak beraroma,4,3,5,5,5,Halal
,Model,ikan tenggiri,"ikan gabus, ikan sapu - sapu","timun, bihun",bulat besar,disajikan dimangkuk dan disiram dengan kuah,tidak ada aroma,rasanya gurih,Gurih dengan dominan bumbuu rempah tertentu,1,4,0,3,1,Aroma rempah yang sedang,4,3,5,4,4,Halal
,Tekwan,ikan tenggiri,"ikan gabus, ikan sapu - sapu","timun, bihun",bulat kecil tidak beraturan,disajikan dimangkuk dan disiram dengan kuah,tidak ada aroma,rasanya gurih,Tidak pernah coba,1,3,0,3,1,Tidak beraroma,4,3,4,4,5,Halal
,Mie Celor,mie kuning basah,-,telur rebus,mie kenyal,disajikan dimangkung dan ditambahkan telur rebus,beraroma rempah sedang,rasanya gurih,Tidak pernah coba,0,4,0,3,0,Tidak beraroma,5,3,5,5,4,Halal
,Rujak Mie,mie kuning basah,mie instan,"timun, kerupuk merah",mie kenyal,disajikan dimangkuk,tidak beraroma,rasanya gurih dan sedikit pedas dari cukanya,Gurih dengan dominan bumbuu rempah tertentu,1,4,0,3,0,Aroma rempah yang sedang,4,3,5,4,5,Halal
,Lenggang,ikan tenggiri,"ikan gabus, ikan sapu - sapu","cuka, timun, udang rebon",lengang terasa lembut dan sedkit kenyal,disajikan di piring dan dimakan dengan cuka,tidak beraroma,rasanya gurih dan sedikit pedas dari cukanya,Tidak pernah coba,1,4,0,3,0,Aroma rempah yang sedang,5,3,4,4,5,Halal
,Pempek,ikan tenggiri,ikan kakap,"udang rebon timun, cuka","bulat, pipih lenjer, tektur kenyal",disajikan dengann cuka,tidak ada aroma,rasa ikan gurih dan cukanya sdikit pedas,Gurih penyedap,0,5,0,3,0,Tidak beraroma,4,4,5,5,5,Halal
,Model,ikan tenggiri,ikan kakap,"bihun, timun, daun sop","bulat besar, tektur kenyal",disajikan dimangkok,tidak ada aroma,rasa gurih,Gurih dengan dominan bumbuu rempah tertentu,1,4,0,3,0,Aroma rempah yang sedang,5,3,4,4,4,Halal
,Tekwan,ikan tenggiri,ikan kakap,"udang rebon timun, cuka",bulat kecil tidak beraturan,disajikan dimangkok,tidak ada aroma,rasa gurih,Gurih dengan dominan bumbuu rempah tertentu,1,4,0,3,0,Tidak beraroma,4,3,5,4,4,Halal
,Mie Celor,mie kuning basah,-,"udang , telur rebus",tektur mie kenyal,mie celor disajikan dimangkok dan disiram dengan kuah santan kental gurih yang berisi udang,aroma santan gurih dan bearoma rempah sedang,rasa gurih,Gurih penyedap,0,4,0,3,0,Tidak beraroma,5,3,5,5,5,Halal
,Rujak Mie,mie kuning basah,mie instan,"pempek, tahu goreng, kerupuk",tektur mie kenyal,disajikan dpiring dengan mie disiram dengan cuka dan diberi potongan pempek dan tahu goreng,tidak ada aroma,rasa sedikit pedas gurih,Gurih dengan dominan bumbuu rempah tertentu,1,5,0,3,0,Tidak beraroma,4,3,5,5,5,Halal
,Lenggang,ikan tenggiri,ikan kakap,"udang rebon timun, cuka",lingkaran pipih,disajikan dipiring dan disiram dengan cuka serta tambahan potongan timun dan udang rebon,tidak ada aroma,rasa gurih,Gurih dengan dominan bumbuu rempah tertentu,1,4,0,3,0,Tidak beraroma,5,3,5,5,5,Halal
,Pempek,ikan tenggiri,"ikan gabus, ikan sapu - sapu",cuka,"pempek bulat, pipih, lonjong",disajikan dengann cuka,tercium aroma ikan,rasanya gurih,Gurih penyedap,0,5,0,2,0,Tidak beraroma,5,3,5,4,5,Halal
,Model,ikan tenggiri,"ikan gabus, ikan sapu - sapu","timun, bihun",bulat besar,disajikan dimangkok,kuahnya tercium aroma kaldu udang,rasanya gurih,Gurih dengan dominan bumbuu rempah tertentu,1,4,0,3,0,Aroma rempah yang sedang,4,3,4,4,4,Halal
,Tekwan,ikan tenggiri,"ikan gabus, ikan sapu - sapu","timun, bihun",bulat kecil tidak beraturan,disajikan dimangkok,disajikan di piring dan dimakan dengan cuka,rasanya gurih,Gurih dengan dominan bumbuu rempah tertentu,1,5,0,3,0,Tidak beraroma,4,4,5,5,5,Halal
,Mie Celor,mie kuning basah,-,telur rebus,mie kenyal,mie celor disajikan dimangkok dan disiram dengan kuah santan kental gurih yang berisi udang,tercium aroma rempah,rasanya gurih,Gurih penyedap,0,4,0,3,0,Tidak beraroma,5,3,4,5,4,Halal
,Rujak Mie,mie kuning basah,mie instan,"timun, kerupuk merah",mie kenyal,disajikan dipiring dengan mie disiram dengan cuka dan diberi potongan pempek dan tahu goreng,tidak ada aroma,rasanya gurih dan sedikit pedas dari cukanya,Gurih dengan dominan bumbuu rempah tertentu,0,5,0,3,0,Aroma rempah yang sedang,4,3,5,5,5,Halal
,Lenggang,ikan tenggiri,"ikan gabus, ikan sapu - sapu","cuka, timun, udang rebon",lengang terasa lembut dan sedkit kenyal,disajikan dipiring dan disiram dengan cuka serta tambahan potongan timun dan udang rebon,tercium aroma telur yang digoreng,rasanya gurih dan sedikit pedas dari cukanya,Gurih dengan dominan bumbuu rempah tertentu,0,5,0,3,0,Aroma rempah yang sedang,5,3,4,5,5,Halal
Bandar Lampung,Lapis Legit,Tepung Terigu,kurang tau,"mentega, telur",lembut,didalam loyang,aroma telur dan mentega dan wangi kayu manis yang kuat,rasa manis yang kuat dan campuran rasa telur yang kuat,Manis dengan rasa gula yang kuat,0,3,5,1,0,Agak berbau khas tertentu,5,5,4,5,5,Halal
,Sekubal,ketan,kurang tau,santan,kenyal,daun pisang,tidak beraroma,rasa gurih dari santan,Gurih dengan dominan bumbuu rempah tertentu,0,4,0,4,0,Tidak beraroma,2,5,5,5,5,Halal
,Pie Pisang,pisang,kurang tau,"keju, coklat",lembut dan krispi,didalam loyang,aroma pisang dan aroma coklat yang kuat,rasa manis dari pisang dan campuran rasa lainnya,Manis dengan rasa gula yang kuat,0,4,5,3,0,Agak berbau khas tertentu,5,5,4,5,5,Halal
,Lapis Legit,"telur, mentega, tepung",tidak tau,"kayu manis, gula",berlapis-lapis dan lmbut,dipotong kotak-kotak,aroma telur dan mentega yang kuat,rasa manis dari gula yang kuat,Asin dengan dominan bumbu rempah tertentu,1,4,1,5,1,Agak berbau khas tertentu,1,4,1,4,1,Tidak tahu
,Sekubal,ketan,tidak tau,santan,bulat dan kenyal,daun pisang,aroma santan,rasa gurih dari santan,Pedas dengan rasa cabai kuat,2,3,2,3,2,Aroma rempah yang kuat,2,3,2,3,2,Tidak halal
,Pie Pisang,pisang,tidak tau,"coklat, keju, kismis",lonjong berbentuk pisang dan krispi,tidak ada,aroma dari pisang dan coklat/keju,"rasa manis dari adonan roti, pisang dan coklat",Asin dengan dominan bumbu rempah tertentu,1,4,1,4,1,Agak berbau khas tertentu,1,4,1,4,1,Tidak tahu
,Lapis Legit,"mentega, telur, tepung",kurang tau,"gula, kapulaga",berlapis-lapis dan lembut,dipotong kotak-kotak,aroma mentega dan telur yang kuat,"rasa manis dari gula, dan gurih dari telur",Manis dengan rasa gula yang kuat,1,1,5,1,1,Tidak beraroma,3,4,3,3,5,Halal
,Sekubal,ketan,kurang tau,santan,bulat dan agak kenyal dan lembut,dibungkus daun pisang,tidak terlalu beraroma,rasa gurih dari santan,Gurih dengan dominan bumbuu rempah tertentu,1,4,1,3,1,Tidak beraroma,3,4,3,3,5,Halal
,Pie Pisang,pisang,kurang tau,"coklat, keju, srikaya dll",berbentuk seperti pisang,tidak ada,aroma dari adonan dan pisang,"rasa manis dari pisang, coklat, keju, srikaya dll, dan gurih dari adonan kue","Manis dengan dominan rasa tertentu (coklat, vanila, srikaya, aren)",1,2,5,2,2,Tidak beraroma,3,4,3,3,5,Halal
,Lapis Legit,"tepung, menteg, telur",tidak ada,"coklat, kayu manis, cengkeh",berlapis-lapis dan lembut,dipanggang diloyang dan dipotong kotak2,aroma telur yang kuat,rasa manis yang kuat dan sedikit gurih,Manis dengan rasa gula yang kuat,0,0,5,0,0,Agak berbau khas tertentu,5,5,5,5,5,Halal
,Sekubal,ketan,tidak ada,santan,bulat,menggunakan daun pisang,tidak ada aroma,rasa gurih dari santan,Gurih penyedap,0,5,0,1,0,Tidak beraroma,5,5,5,5,5,Halal
,Pie Pisang,pisang,kurang tau,"coklat, keju, original","bentuk seperti buah pisang, lembut dan krispi",tidak ada,aroma dari adonan pisang,"rasa manis dari pisang,coklatdll","Manis dengan dominan rasa tertentu (coklat, vanila, srikaya, aren)",0,0,5,0,0,Agak berbau khas tertentu,5,5,5,5,5,Halal
,Lapis Legit,"mentega, telur, tepung",kurang tau,"cengkeh, kayu manis, gula, kapulaga",berlapis-lapis dan lembut,dipanggang didalam loyang,aroma telur dan mentega yang kuat,rasa manis dari gula yang kuat,Manis dengan rasa gula yang kuat,2,5,4,2,2,Tidak beraroma,3,3,4,3,5,Halal
,Sekubal,ketan,kurang tau,santan,bulat,daun pisang,aroma tidak ada,gurih dari santan,Gurih dengan dominan bumbuu rempah tertentu,2,5,5,2,2,Tidak beraroma,3,5,4,3,5,Halal
,Pie Pisang,pisang,kurang tau,coklat dan keju dll,bentuk pisang,tidak ada,aroma adonan yang kuat,rasa manis dari pisang dan coklat dll yang kuat,"Manis dengan dominan rasa tertentu (coklat, vanila, srikaya, aren)",1,5,5,1,2,Tidak beraroma,3,5,4,3,5,Halal
Jakarta,Nasi Uduk,Beras pulen,"Beras campur, beras pulen dan beras pera","Semur jengkol, sambel kacang, bawang goreng, emping, sayur kari, pindang bandeng,",Nikmat dan gurih,Kertas nasi dialasi daun pisang,"Aroma yang nikmat dan harus karna campuran dari rempah rempah seperti sereh, daun salam, lengkoas, dll",Memiliki rasa yang nikmat dan tekstur yang lembut,Gurih penyedap,5,5,5,5,5,Aroma rempah yang kuat,5,5,5,5,5,Halal
,Kue Lopis,Beras Ketan,-,"Kelapa usam, gula merah cair",Manis dan legit,Daun pisang,Aroma ketan yang di kukus dan wangi gula aren,Rasa gula aren yang manis bercampur dengan kelapa usam yang menambah rasa legit dan gurih,Gurih penyedap,5,5,5,5,5,Aroma rempah yang kuat,5,5,5,5,5,Halal
,Nasi Uduk,beras,beras merah,"semur,tempe orek,telur,bihun,ayam,sambel kacang","gurih,renyah,sedap",kertas nasi dan di beri daun,"aroma harum dengan rempah rempah santan berasa,lengkuas ,sereh,daun salam,daun jeruk.",memiliki rasa yang gurih dan sedap,Gurih dengan dominan bumbuu rempah tertentu,3,3,3,2,2,Agak berbau khas tertentu,3,3,3,3,3,Halal
,Kue Lopis,ketan,-,"gula ,kelapa",kenyal dan manis,"daun pisang ,plastik",aroma ketan di baruti parutan kelapa dan gula aren,rasanya manis dari siraman gula merah dan parutan kelapa agar terasa gurih,Manis dengan rasa gula yang kuat,1,3,2,2,2,Agak berbau khas tertentu,3,3,3,3,3,Halal
,Nasi Uduk,beras putih,beras merah,"semur tempe, tahu, telur, bihun, ayam, empal, sambal kacang, bawang goreng, kerupuk",pulen dan gurih,dengan kertas nasi ataupun daun pisang,"aromanya harum dengan ciri khas dari rempah-rempah seperti santan, daun jeruk, lengkuas, serai dan daun salam.",memiliki rasa yang gurih.,Gurih dengan dominan bumbuu rempah tertentu,4,4,4,0,0,Aroma rempah yang kuat,3,3,5,5,5,Halal
,Kue Lopis,beras ketan,-,"gula aren, kelapa",kenyal legit dan manis,"dengan kertas nasi, daun pisang dan plastik",aromanya harum dengan parutan kelapa dan gula aren,rasa manis dari siraman gula aren cair berpadu dengan gurihnya kue lopis.,Manis dengan rasa gula yang kuat,0,0,2,0,0,Tidak beraroma,3,3,4,5,5,Halal
,Nasi Uduk,Beras Putih,Beras Merah,"semur jengkol, tempe, tahu, telur, bihun, ayam, gorengan, sambal kacang, bawang goreng, kerupuk",Pulen dan Gurih,dengan kertas nasi atau daun pisang,"aromanya harum dengan ciri khas dari rempah-rempah seperti santan, daun jeruk, lengkuas, serai dan daun salam.",memiliki rasa yang gurih,Gurih dengan dominan bumbuu rempah tertentu,4,4,4,2,0,Aroma rempah yang kuat,3,3,5,5,5,Halal
,Kue Lopis,beras ketan,-,gula aren dan kelapa,"kenyal, legit dan manis",daun pisang dan plastik mika,aromanya harum dengan parutan kelapa dan gula aren,rasa manis dari siraman gula aren cair berpadu dengan legitnya kue lopis yang ditaburkan kelapa parut,Manis dengan rasa gula yang kuat,0,0,2,0,0,Tidak beraroma,3,3,4,5,5,Halal
,Nasi Uduk,beras putih,beras merah,"tahu, tempe, telur, daging ayam, kerupuk, sambal kacang, bawang goreng, emping, bihun","gurih, empuk",dengan daun pisang dan kertas nasi,aroma santan yang sedang dan aroma bawang goreng,rasa guri dari santan dan asin yang sedang,Gurih dengan dominan bumbuu rempah tertentu,3,2,4,1,1,Aroma rempah yang sedang,3,3,5,3,3,Halal
,Kue Lopis,beras ketan,tidak ada,"gula aren, kelapa","empuk, manis",dengan daun pisang dan kertas nasi,aroma beras ketan dan santan yang sedang,rasa guri dari santan dan manis dari gula aren yang manis,Manis dengan rasa gula yang kuat,1,1,3,1,1,Aroma rempah yang sedang,3,3,5,3,3,Halal
Bali,Ayam Betutu,ayam,bebek,sayur kangkung,daging empuk,daun pisang,harum,"pedas , rempahnya terasa",Gurih dengan dominan bumbuu rempah tertentu,3,5,2,3,2,Aroma rempah yang kuat,3,4,4,5,5,Halal
,Sate Lilit,ayam,ikan,kelapa,empuk,katik sate,wangi,pedas manis,Gurih dengan dominan bumbuu rempah tertentu,3,5,3,3,2,Aroma rempah yang kuat,3,4,4,5,5,Halal
,Tum,ayam,ikan,bumbu,empuk,daun pisang,wangi,asin rempah terasa,Pedas dengan dominan bumbu rempah tertentu,3,5,2,4,2,Aroma rempah yang kuat,3,4,4,5,5,Halal
,Jukut Urab,sayur kacang panjang,sayur tauge,kelapa,kasar,daun pisang,wangi,peda asin,Pedas dengan dominan bumbu rempah tertentu,3,5,2,4,2,Aroma rempah yang kuat,3,4,4,5,5,Halal
,Lawar,sayur nangka,sayur klungah,bumbu,kasar,-,wangi,asin pedas manis,Pedas dengan dominan bumbu rempah tertentu,3,5,2,3,2,Aroma rempah yang kuat,3,4,4,5,5,Halal
,Ayam Betutu,ayam,bebek,sayur kangkung,lumayan empuk,daun pisang,tidak berbau,"pedas, rempahnya terasa",Pedas dengan rasa cabai kuat,5,3,3,3,4,Aroma rempah yang sedang,3,3,3,4,5,Halal
,Sate Lilit,ikan,tidak tahu,kelapa,sangat empuk,katik sate,wangi,pedas manis,Pedas dengan rasa cabai kuat,3,4,5,3,2,Aroma rempah yang sedang,3,4,3,5,5,Halal
,Jukut Urab,sayur kacang panjang,sayur tauge,kelapa,kasar,daun pisang,tidak berbau,asin,Gurih dengan dominan bumbuu rempah tertentu,2,3,2,3,2,Tidak beraroma,3,4,4,4,5,Halal
,Lawar,-,-,-,-,-,-,-,Tidak pernah coba,1,1,1,1,1,0,0,0,0,0,0,Tidak tahu
,Ayam Betutu,Ayam,Bebek,Daun singkong,Kering,-,Aroma pedas,Pedas,Pedas dengan rasa cabai kuat,3,3,1,3,1,Aroma rempah yang kuat,2,2,3,3,3,Halal
,Sate Lilit,Ayam,Bebek,Kecap,Kering,-,Aroma rempah,Sedang,Pedas dengan dominan bumbu rempah tertentu,2,2,1,2,1,Aroma rempah yang sedang,2,2,3,3,3,Halal
,Tum,Ayam,Tepung,Kulit daging,Lembek,-,Aroma rempah,Sedang,Pedas dengan dominan bumbu rempah tertentu,2,1,1,1,1,Tidak beraroma,2,2,3,3,3,Halal
,Jukut Urab,Toge,Kacang panjang,Kacang tanah,Lembek,-,Aroma pedas,Pedas,Pedas dengan rasa cabai kuat,3,1,1,1,1,Aroma rempah yang sedang,2,2,3,3,3,Halal
,Lawar,Kacang panjang,Daging,Parut kelapa,Lembek,-,Aroma kelapa,Pedas,Pedas dengan dominan bumbu rempah tertentu,2,1,1,1,1,Aroma rempah yang sedang,2,2,3,3,3,Halal
,Ayam Betutu,ayam,bebek,base genep,kuah kental,daun pisang,gurih dengan bumbu khas,pedas,Pedas dengan dominan bumbu rempah tertentu,3,3,1,1,1,Aroma rempah yang kuat,3,3,3,3,3,Halal
,Sate Lilit,"daging babi,ayam",tuna,kelapa parut,"padat, kenyal",tusuk sate,tdk terlalu beraroma,manis pedas,Gurih dengan dominan bumbuu rempah tertentu,2,3,2,1,1,Aroma rempah yang sedang,2,4,3,3,3,Halal
,Tum,ayam,babi,"daun salam, santan",kenyal,daun pisang,khas daging babi/ayam,tidak terlalu pedas,Pedas dengan dominan bumbu rempah tertentu,2,3,1,1,1,Aroma rempah yang sedang,2,3,3,3,3,Ragu-ragu
,Jukut Urab,kecambah,kangkung,kelapa parut,kasar,"ingke, daun pisang",tdk terlalu beraroma,"gurih, segar",Gurih dengan dominan bumbuu rempah tertentu,3,3,1,2,1,Agak berbau khas tertentu,4,4,3,4,2,Halal
,Lawar,nangka,daging babi,"darah babi, kulit babi",kasar,"ingke, kertas minyak",khas rempah,pedas,Pedas dengan dominan bumbu rempah tertentu,3,3,1,3,1,Aroma rempah yang sedang,2,4,3,4,2,Ragu-ragu
,Ayam Betutu,Ayama boiler,Ayam kampung,Bumbu betutu,Juicy,Aluminium foil,Rempah rempah,Enak dan gurih,Pedas dengan dominan bumbu rempah tertentu,2,3,1,0,1,Aroma rempah yang kuat,4,4,4,5,5,Halal
,Sate Lilit,Babi,Ayam,Tusuk sate,Agak padat,Ditusuk sate,Aroma babi,Pedes,Pedas dengan dominan bumbu rempah tertentu,2,3,0,0,2,Aroma rempah yang kuat,3,3,4,4,4,Ragu-ragu
,Tum,Babi,Ayam,Daun pisang,Juicy,Daun pisang,Aroma lemak babi,Berkuah dan gurih,Pedas dengan dominan bumbu rempah tertentu,3,3,0,0,2,Aroma rempah yang kuat,3,4,4,4,4,Ragu-ragu
,Jukut Urab,Toge,Bayam,Kelapa parut bakar,Lembut,Diaduk,Aroma kelapa bakar,Pedas dan renyah,Pedas dengan dominan bumbu rempah tertentu,3,3,0,0,2,Aroma rempah yang kuat,3,4,4,5,5,Halal
,Lawar,Sayur nangka,Kulit babi,Kelapa parut,Lembut,Diaduk,Aroma bumbu,Gurih,Pedas dengan dominan bumbu rempah tertentu,2,3,0,0,1,Aroma rempah yang kuat,3,4,4,4,4,Tidak halal
Ternate,Sayur garu,daun pepaya,jantung pisang,rempah,dominasi warna hijau,dengan piring/baskom,gurih dikarenakan rempah yang di gunakan pun tidak terlalu banyak,asin dikarenakan kebanyakan garam yg digunakan,Asin dengan dominan bumbu rempah tertentu,2,2,1,3,1,Aroma rempah yang sedang,2,4,5,5,4,Halal
,Papeda,Pati singkong,sagu tumang,air,"putih dan ada jga yg kehitaman, tekstur yang kenyal mudah ditelan tnpa di kunya",di baskom,memiliki aroma yang khas,"hambar tidak memiliki rasa, kecuali dipadukan dengan kuahnya",Gurih penyedap,1,1,1,1,1,Tidak beraroma,3,5,5,5,4,Halal
,Ikan kuah kuning,ikan cakalang,ikan madidihan,kunyit dan daun kemangi,kuning pekat dan ikannya pun empuk,di baskom,gurih dikarenakan rempah rempah-rempah yang digunakan juga ditambahkan dengan daun kemangi yang segar,agak pedas dan rasa dari kunyit dan kemangi membuat kuah kuning ini menjadi lebih nikmat,Gurih dengan dominan bumbuu rempah tertentu,4,5,3,1,1,Aroma rempah yang kuat,4,5,4,4,4,Halal
,Kuah soru,ikan julung kering,ikan cakalang,tomat dan bawang putih,agak kuning dan ikannya pun agak keras,di baskom,gurih dikarenakan rempah rempah-rempah yang digunakan masih dalam keadaan segar ditambahkan dengan penyedap masakan,tidak terlalu pedas karenakan tidak bnyak menggunakan rica,Gurih dengan dominan bumbuu rempah tertentu,3,4,2,1,1,Aroma rempah yang kuat,3,4,4,4,4,Halal
,Sayur garu,daun singkong dan jantung pisang,bunga pepaya,bumbu ulek,mudah di kunyah,dengan piring atau mangkuk,aroma bumbu yang sedang namun gurih pada saat dimakan,rasanya gurih dengan rempah yang sederhana,Pedas dengan dominan bumbu rempah tertentu,3,4,1,3,1,Aroma rempah yang sedang,3,4,4,4,4,Halal
,Papeda,sagu,tepung tapioka,air mendidih,lembut,dengan mangkok besar,memiliki aroma setelah di masak yang sedang menambah kegurihan,rasanya yang gurih menambah keinginan untuk makan,Gurih dengan dominan bumbuu rempah tertentu,1,3,1,1,1,Tidak beraroma,3,4,4,4,4,Halal
,Ikan kuah kuning,ikan dasar,ikan cakalang,"tomat, rica, kunyit, bawang, serei, daun kemanyi","kuah kuning terang, dan ikan empuk",dengan mangkok,dengan adanya rempah-rempah alami membuat kita semakin menambah pada saat makan,rasa rempah asli membuat kuah kuning semakin gurih dan membuat kita ketagihan,Gurih dengan dominan bumbuu rempah tertentu,3,4,1,3,3,Aroma rempah yang kuat,3,4,4,4,4,Halal
,Kuah soru,ikan fufu,ikan julung,santan kelapa,kuah kental dengan santan kelapa,dengan mangkok,aroma rempah yang sedang semakin gurih,rasa santan kelapa dan bumbu yang pas membuat kita lahap dalam makan,Gurih dengan dominan bumbuu rempah tertentu,3,4,1,3,3,Aroma rempah yang kuat,3,4,4,4,4,Halal
,Sayur garu,"daun Kasbi, bunga pepaya, jantung pisang",kangkung,"bawang merah, bawang putih, cabai, penyedap rasa",teksturnya tidak terlalu keras,tidak ada,aroma rempah yang sedang,pedas yang sedang dengan bumbu tertentu,Gurih dengan dominan bumbuu rempah tertentu,3,3,1,2,1,Aroma rempah yang sedang,3,4,4,5,5,Halal
,Papeda,sagu tumang,sagu kasbi,air mendidih (air panas),teksturnya lengket dan mudah di telan,tidak ada,aroma khas sagu,tidak ada rasa(tawar),Gurih dengan dominan bumbuu rempah tertentu,1,3,1,1,1,Agak berbau khas tertentu,3,4,4,5,5,Halal
,Ikan kuah kuning,ikan dasar,ikan jenis lainnya,"kunyit, cabai, daun kemangi, daun serai, lemon, penyedap rasa,bawang merah dan bawang putih",teksturnya empuk,tidak ada,aroma rempah yang kuat,rasa pedas yang sedang dengan bumbu tertentu,Pedas dengan rasa cabai kuat,3,3,1,2,2,Aroma rempah yang sedang,3,4,4,5,5,Halal
,Kuah soru,ikan tore (ikan julung),tidak ada,"tomat, terung rebus, bawang merah, lemon dan cabai",teksturnya keras,tidak ada,aroma rempah Yang sedang,rasa asam dengan bumbu tertentu,Gurih dengan dominan bumbuu rempah tertentu,2,3,1,2,2,Aroma rempah yang sedang,3,4,4,5,5,Halal
,Sayur garu,"daun Kasbi, jantung pisang, bunga pepaya",tidak ada,"bawang merah, bawang putih, cabai, penyedap rasa",diiris kecil-kecil dan teksturnya agak keras,tidak ada,aromanya rempah yang kuat,rasanya pedis yang sedang,Gurih dengan dominan bumbuu rempah tertentu,3,3,1,1,1,Aroma rempah yang sedang,4,3,5,5,5,Halal
,Papeda,"sagu tumang, sagu kasbi",tidak ada,air panas(air mendidih),teksturnya lengket,tidak ada,aroma khas sagu,rasanya tawar,Gurih dengan dominan bumbuu rempah tertentu,1,3,1,1,1,Tidak beraroma,4,3,5,5,5,Halal
,Ikan kuah kuning,ikan dasar,tidak ada,"bawang merah, bawang putih, kunyit, daun kemangi, penyedap rasa, abai",tekturnya ikannya empuk,tidak ada,aroma rempah yang kuat dan alami,"rasa pedas yang sedang dan empuk, dan enak untuk dimakan",Pedas dengan dominan bumbu rempah tertentu,2,3,1,1,1,Aroma rempah yang sedang,4,3,5,5,5,Halal
,Kuah soru,ikan julung,tidak ada,"tomat, terung rebus",teksturnya ikannya keras,tidak ada,aroma rempah yang sedang,rasa asam yang sedang,Manis dengan rasa gula yang kuat,2,3,1,1,1,Aroma rempah yang sedang,4,3,5,5,5,Halal
Bandung,Nasi TImbel,beras yang dijadikan nasi,,"Ayam, tempe, tahu, sambal","Daun pandan, daun jeruk.",dibungkus daun pisang dengan berbagai lauk pelengkap,aroma rempah,Gurih,Asin dengan dominan bumbu rempah tertentu,2,3,1,2,1,Aroma rempah yang kuat,2,3,2,3,3,Halal
,Ikan Bakar/Goreng,"daging Ikan mas,/gurame/bawal",aneka Ikan lainnya,"jeruk nipis, bawang, kecap.","garam, cabai",potongan daging empuk,ikan dengan bumbu rempah,gurih,Asin dengan dominan bumbu rempah tertentu,2,3,1,2,1,Aroma rempah yang sedang,2,2,2,3,3,Halal
,Ayam Bakar/Goreng,daging ayam,aneka unggas lainnya,"sambal, timun, selada","garam, lada",potongan daging umpuk,daging ayam yang dibakar atau digoreng,gurih,Asin dengan dominan bumbu rempah tertentu,2,3,1,2,1,Aroma rempah yang sedang,2,2,2,3,3,Halal
,Nasi TImbel,beras yang dijadikan nasi,,"Ayam, tempe, tahu, sambal","Daun pandan, daun jeruk.",dibungkus daun pisang dengan berbagai lauk pelengkap,aroma rempah,Gurih,Gurih dengan dominan bumbuu rempah tertentu,2,1,2,2,1,Aroma rempah yang kuat,3,2,3,3,3,Halal
,Ikan Bakar/Goreng,"daging Ikan mas,/gurame/bawal",aneka Ikan lainnya,"jeruk nipis, bawang, kecap.","garam, cabai",potongan daging empuk,ikan dengan bumbu rempah,gurih,Gurih dengan dominan bumbuu rempah tertentu,3,3,2,2,1,Aroma rempah yang sedang,3,2,3,3,3,Halal
,Ayam Bakar/Goreng,daging ayam,aneka unggas lainnya,"sambal, timun, selada","garam, lada",potongan daging umpuk,daging ayam yang dibakar atau digoreng,gurih,Gurih dengan dominan bumbuu rempah tertentu,3,3,2,2,1,Aroma rempah yang sedang,3,2,3,3,3,Halal
,Nasi TImbel,beras yang dijadikan nasi,,"Ayam, tempe, tahu, sambal","Daun pandan, daun jeruk.",dibungkus daun pisang dengan berbagai lauk pelengkap,aroma rempah,Gurih,Gurih dengan dominan bumbuu rempah tertentu,2,3,2,2,1,Aroma rempah yang kuat,3,3,3,3,3,Halal
,Ikan Bakar/Goreng,"daging Ikan mas,/gurame/bawal",aneka Ikan lainnya,"jeruk nipis, bawang, kecap.","garam, cabai",potongan daging empuk,ikan dengan bumbu rempah,gurih,Gurih dengan dominan bumbuu rempah tertentu,2,3,2,2,1,Aroma rempah yang sedang,3,3,3,3,3,Halal
,Ayam Bakar/Goreng,daging ayam,aneka unggas lainnya,"sambal, timun, selada","garam, lada",potongan daging umpuk,daging ayam yang dibakar atau digoreng,gurih,Gurih dengan dominan bumbuu rempah tertentu,2,3,2,2,1,Aroma rempah yang sedang,3,3,3,3,3,Halal
,Nasi TImbel,beras yang dijadikan nasi,,"Ayam, tempe, tahu, sambal","Daun pandan, daun jeruk.",dibungkus daun pisang dengan berbagai lauk pelengkap,aroma rempah,Gurih,Gurih dengan dominan bumbuu rempah tertentu,2,3,2,2,1,Aroma rempah yang kuat,3,3,3,3,3,Halal
,Ikan Bakar/Goreng,"daging Ikan mas,/gurame/bawal",aneka Ikan lainnya,"jeruk nipis, bawang, kecap.","garam, cabai",potongan daging empuk,ikan dengan bumbu rempah,gurih,Gurih dengan dominan bumbuu rempah tertentu,2,3,2,2,1,Aroma rempah yang sedang,3,3,3,3,3,Halal
,Ayam Bakar/Goreng,daging ayam,aneka unggas lainnya,"sambal, timun, selada","garam, lada",potongan daging umpuk,daging ayam yang dibakar atau digoreng,gurih,Gurih dengan dominan bumbuu rempah tertentu,2,3,2,2,1,Aroma rempah yang sedang,3,3,3,3,3,Halal
,Nasi TImbel,beras yang dijadikan nasi,,"Ayam, tempe, tahu, sambal","Daun pandan, daun jeruk.",dibungkus daun pisang dengan berbagai lauk pelengkap,aroma rempah,Gurih,Gurih dengan dominan bumbuu rempah tertentu,3,5,2,2,1,Aroma rempah yang sedang,5,5,5,5,5,Halal
,Ikan Bakar/Goreng,"daging Ikan mas,/gurame/bawal",aneka Ikan lainnya,"jeruk nipis, bawang, kecap.","garam, cabai",potongan daging empuk,ikan dengan bumbu rempah,gurih,Gurih dengan dominan bumbuu rempah tertentu,3,5,2,2,1,Aroma rempah yang sedang,5,5,5,5,5,Halal
,Ayam Bakar/Goreng,daging ayam,aneka unggas lainnya,"sambal, timun, selada","garam, lada",potongan daging umpuk,daging ayam yang dibakar atau digoreng,gurih,Gurih dengan dominan bumbuu rempah tertentu,3,5,2,2,1,Aroma rempah yang sedang,5,5,5,5,5,Halal
